cycle,e,tick_emissions_Te
0,gCO2e emissions,nil
1,gCO2e emissions,nil
2,gCO2e emissions,nil
3,gCO2e emissions,nil
4,gCO2e emissions,nil
5,gCO2e emissions,nil
6,gCO2e emissions,nil
7,gCO2e emissions,nil
8,gCO2e emissions,nil
9,gCO2e emissions,nil
10,gCO2e emissions,nil
11,gCO2e emissions,nil
12,gCO2e emissions,nil
13,gCO2e emissions,nil
14,gCO2e emissions,nil
15,gCO2e emissions,nil
16,gCO2e emissions,nil
17,gCO2e emissions,nil
18,gCO2e emissions,nil
19,gCO2e emissions,nil
20,gCO2e emissions,nil
21,gCO2e emissions,nil
22,gCO2e emissions,nil
23,gCO2e emissions,nil
24,gCO2e emissions,nil
25,gCO2e emissions,nil
26,gCO2e emissions,nil
27,gCO2e emissions,nil
28,gCO2e emissions,nil
29,gCO2e emissions,nil
30,gCO2e emissions,nil
31,gCO2e emissions,nil
32,gCO2e emissions,nil
33,gCO2e emissions,nil
34,gCO2e emissions,nil
35,gCO2e emissions,nil
36,gCO2e emissions,nil
37,gCO2e emissions,nil
38,gCO2e emissions,nil
39,gCO2e emissions,nil
40,gCO2e emissions,nil
41,gCO2e emissions,nil
42,gCO2e emissions,nil
43,gCO2e emissions,nil
44,gCO2e emissions,nil
45,gCO2e emissions,nil
46,gCO2e emissions,nil
47,gCO2e emissions,nil
48,gCO2e emissions,nil
49,gCO2e emissions,nil
50,gCO2e emissions,nil
51,gCO2e emissions,nil
52,gCO2e emissions,nil
53,gCO2e emissions,nil
54,gCO2e emissions,nil
55,gCO2e emissions,nil
56,gCO2e emissions,nil
57,gCO2e emissions,nil
58,gCO2e emissions,nil
59,gCO2e emissions,nil
60,gCO2e emissions,nil
61,gCO2e emissions,nil
62,gCO2e emissions,nil
63,gCO2e emissions,nil
64,gCO2e emissions,nil
65,gCO2e emissions,nil
66,gCO2e emissions,nil
67,gCO2e emissions,nil
68,gCO2e emissions,nil
69,gCO2e emissions,nil
70,gCO2e emissions,nil
71,gCO2e emissions,nil
72,gCO2e emissions,nil
73,gCO2e emissions,nil
74,gCO2e emissions,nil
75,gCO2e emissions,nil
76,gCO2e emissions,nil
77,gCO2e emissions,nil
78,gCO2e emissions,nil
79,gCO2e emissions,nil
80,gCO2e emissions,nil
81,gCO2e emissions,nil
82,gCO2e emissions,nil
83,gCO2e emissions,nil
84,gCO2e emissions,nil
85,gCO2e emissions,nil
86,gCO2e emissions,nil
87,gCO2e emissions,nil
88,gCO2e emissions,nil
89,gCO2e emissions,nil
90,gCO2e emissions,nil
91,gCO2e emissions,nil
92,gCO2e emissions,nil
93,gCO2e emissions,nil
94,gCO2e emissions,nil
95,gCO2e emissions,nil
96,gCO2e emissions,nil
97,gCO2e emissions,nil
98,gCO2e emissions,nil
99,gCO2e emissions,nil
100,gCO2e emissions,nil
101,gCO2e emissions,nil
102,gCO2e emissions,nil
103,gCO2e emissions,nil
104,gCO2e emissions,nil
105,gCO2e emissions,nil
106,gCO2e emissions,nil
107,gCO2e emissions,nil
108,gCO2e emissions,nil
109,gCO2e emissions,nil
110,gCO2e emissions,nil
111,gCO2e emissions,nil
112,gCO2e emissions,nil
113,gCO2e emissions,nil
114,gCO2e emissions,nil
115,gCO2e emissions,nil
116,gCO2e emissions,nil
117,gCO2e emissions,nil
118,gCO2e emissions,nil
119,gCO2e emissions,nil
120,gCO2e emissions,nil
121,gCO2e emissions,nil
122,gCO2e emissions,nil
123,gCO2e emissions,nil
124,gCO2e emissions,nil
125,gCO2e emissions,nil
126,gCO2e emissions,nil
127,gCO2e emissions,nil
128,gCO2e emissions,nil
129,gCO2e emissions,nil
130,gCO2e emissions,nil
131,gCO2e emissions,nil
132,gCO2e emissions,nil
133,gCO2e emissions,nil
134,gCO2e emissions,nil
135,gCO2e emissions,nil
136,gCO2e emissions,nil
137,gCO2e emissions,nil
138,gCO2e emissions,nil
139,gCO2e emissions,nil
140,gCO2e emissions,nil
141,gCO2e emissions,nil
142,gCO2e emissions,nil
143,gCO2e emissions,nil
144,gCO2e emissions,nil
145,gCO2e emissions,nil
146,gCO2e emissions,nil
147,gCO2e emissions,nil
148,gCO2e emissions,nil
149,gCO2e emissions,nil
150,gCO2e emissions,nil
151,gCO2e emissions,nil
152,gCO2e emissions,nil
153,gCO2e emissions,nil
154,gCO2e emissions,nil
155,gCO2e emissions,nil
156,gCO2e emissions,nil
157,gCO2e emissions,nil
158,gCO2e emissions,nil
159,gCO2e emissions,nil
160,gCO2e emissions,nil
161,gCO2e emissions,nil
162,gCO2e emissions,nil
163,gCO2e emissions,nil
164,gCO2e emissions,nil
165,gCO2e emissions,nil
166,gCO2e emissions,nil
167,gCO2e emissions,nil
168,gCO2e emissions,nil
169,gCO2e emissions,nil
170,gCO2e emissions,nil
171,gCO2e emissions,nil
172,gCO2e emissions,nil
173,gCO2e emissions,nil
174,gCO2e emissions,nil
175,gCO2e emissions,nil
176,gCO2e emissions,nil
177,gCO2e emissions,nil
178,gCO2e emissions,nil
179,gCO2e emissions,nil
180,gCO2e emissions,nil
181,gCO2e emissions,nil
182,gCO2e emissions,nil
183,gCO2e emissions,nil
184,gCO2e emissions,nil
185,gCO2e emissions,nil
186,gCO2e emissions,nil
187,gCO2e emissions,nil
188,gCO2e emissions,nil
189,gCO2e emissions,nil
190,gCO2e emissions,nil
191,gCO2e emissions,nil
192,gCO2e emissions,nil
193,gCO2e emissions,nil
194,gCO2e emissions,nil
195,gCO2e emissions,nil
196,gCO2e emissions,nil
197,gCO2e emissions,nil
198,gCO2e emissions,nil
199,gCO2e emissions,nil
200,gCO2e emissions,nil
201,gCO2e emissions,nil
202,gCO2e emissions,nil
203,gCO2e emissions,nil
204,gCO2e emissions,nil
205,gCO2e emissions,nil
206,gCO2e emissions,nil
207,gCO2e emissions,nil
208,gCO2e emissions,nil
209,gCO2e emissions,nil
210,gCO2e emissions,nil
211,gCO2e emissions,nil
212,gCO2e emissions,nil
213,gCO2e emissions,nil
214,gCO2e emissions,nil
215,gCO2e emissions,nil
216,gCO2e emissions,nil
217,gCO2e emissions,nil
218,gCO2e emissions,nil
219,gCO2e emissions,nil
220,gCO2e emissions,nil
221,gCO2e emissions,nil
222,gCO2e emissions,nil
223,gCO2e emissions,nil
224,gCO2e emissions,nil
225,gCO2e emissions,nil
226,gCO2e emissions,nil
227,gCO2e emissions,nil
228,gCO2e emissions,nil
229,gCO2e emissions,nil
230,gCO2e emissions,nil
231,gCO2e emissions,nil
232,gCO2e emissions,nil
233,gCO2e emissions,nil
234,gCO2e emissions,nil
235,gCO2e emissions,nil
236,gCO2e emissions,nil
237,gCO2e emissions,nil
238,gCO2e emissions,nil
239,gCO2e emissions,nil
240,gCO2e emissions,nil
241,gCO2e emissions,nil
242,gCO2e emissions,nil
243,gCO2e emissions,nil
244,gCO2e emissions,nil
245,gCO2e emissions,nil
246,gCO2e emissions,nil
247,gCO2e emissions,nil
248,gCO2e emissions,nil
249,gCO2e emissions,nil
250,gCO2e emissions,nil
251,gCO2e emissions,nil
252,gCO2e emissions,nil
253,gCO2e emissions,nil
254,gCO2e emissions,nil
255,gCO2e emissions,nil
256,gCO2e emissions,nil
257,gCO2e emissions,nil
258,gCO2e emissions,nil
259,gCO2e emissions,nil
260,gCO2e emissions,nil
261,gCO2e emissions,nil
262,gCO2e emissions,nil
263,gCO2e emissions,nil
264,gCO2e emissions,nil
265,gCO2e emissions,nil
266,gCO2e emissions,nil
267,gCO2e emissions,nil
268,gCO2e emissions,nil
269,gCO2e emissions,nil
270,gCO2e emissions,nil
271,gCO2e emissions,nil
272,gCO2e emissions,nil
273,gCO2e emissions,nil
274,gCO2e emissions,nil
275,gCO2e emissions,nil
276,gCO2e emissions,nil
277,gCO2e emissions,nil
278,gCO2e emissions,nil
279,gCO2e emissions,nil
280,gCO2e emissions,nil
281,gCO2e emissions,nil
282,gCO2e emissions,nil
283,gCO2e emissions,nil
284,gCO2e emissions,nil
285,gCO2e emissions,nil
286,gCO2e emissions,nil
287,gCO2e emissions,nil
288,gCO2e emissions,nil
289,gCO2e emissions,nil
290,gCO2e emissions,nil
291,gCO2e emissions,nil
292,gCO2e emissions,nil
293,gCO2e emissions,nil
294,gCO2e emissions,nil
295,gCO2e emissions,nil
296,gCO2e emissions,nil
297,gCO2e emissions,nil
298,gCO2e emissions,nil
299,gCO2e emissions,nil
300,gCO2e emissions,nil
301,gCO2e emissions,nil
302,gCO2e emissions,nil
303,gCO2e emissions,nil
304,gCO2e emissions,nil
305,gCO2e emissions,nil
306,gCO2e emissions,nil
307,gCO2e emissions,nil
308,gCO2e emissions,nil
309,gCO2e emissions,nil
310,gCO2e emissions,nil
311,gCO2e emissions,nil
312,gCO2e emissions,nil
313,gCO2e emissions,nil
314,gCO2e emissions,nil
315,gCO2e emissions,nil
316,gCO2e emissions,nil
317,gCO2e emissions,nil
318,gCO2e emissions,nil
319,gCO2e emissions,nil
320,gCO2e emissions,nil
321,gCO2e emissions,nil
322,gCO2e emissions,nil
323,gCO2e emissions,nil
324,gCO2e emissions,nil
325,gCO2e emissions,nil
326,gCO2e emissions,nil
327,gCO2e emissions,nil
328,gCO2e emissions,nil
329,gCO2e emissions,nil
330,gCO2e emissions,nil
331,gCO2e emissions,nil
332,gCO2e emissions,nil
333,gCO2e emissions,nil
334,gCO2e emissions,nil
335,gCO2e emissions,nil
336,gCO2e emissions,nil
337,gCO2e emissions,nil
338,gCO2e emissions,nil
339,gCO2e emissions,nil
340,gCO2e emissions,nil
341,gCO2e emissions,nil
342,gCO2e emissions,nil
343,gCO2e emissions,nil
344,gCO2e emissions,nil
345,gCO2e emissions,nil
346,gCO2e emissions,nil
347,gCO2e emissions,nil
348,gCO2e emissions,nil
349,gCO2e emissions,nil
350,gCO2e emissions,nil
351,gCO2e emissions,nil
352,gCO2e emissions,nil
353,gCO2e emissions,nil
354,gCO2e emissions,nil
355,gCO2e emissions,nil
356,gCO2e emissions,nil
357,gCO2e emissions,nil
358,gCO2e emissions,nil
359,gCO2e emissions,nil
360,gCO2e emissions,nil
361,gCO2e emissions,nil
362,gCO2e emissions,nil
363,gCO2e emissions,nil
364,gCO2e emissions,nil
365,gCO2e emissions,nil
366,gCO2e emissions,nil
367,gCO2e emissions,nil
368,gCO2e emissions,nil
369,gCO2e emissions,nil
370,gCO2e emissions,nil
371,gCO2e emissions,nil
372,gCO2e emissions,nil
373,gCO2e emissions,nil
374,gCO2e emissions,nil
375,gCO2e emissions,nil
376,gCO2e emissions,nil
377,gCO2e emissions,nil
378,gCO2e emissions,nil
379,gCO2e emissions,nil
380,gCO2e emissions,nil
381,gCO2e emissions,nil
382,gCO2e emissions,nil
383,gCO2e emissions,nil
384,gCO2e emissions,nil
385,gCO2e emissions,nil
386,gCO2e emissions,nil
387,gCO2e emissions,nil
388,gCO2e emissions,nil
389,gCO2e emissions,nil
390,gCO2e emissions,nil
391,gCO2e emissions,nil
392,gCO2e emissions,nil
393,gCO2e emissions,nil
394,gCO2e emissions,nil
395,gCO2e emissions,nil
396,gCO2e emissions,nil
397,gCO2e emissions,nil
398,gCO2e emissions,nil
399,gCO2e emissions,nil
400,gCO2e emissions,nil
401,gCO2e emissions,nil
402,gCO2e emissions,nil
403,gCO2e emissions,nil
404,gCO2e emissions,nil
405,gCO2e emissions,nil
406,gCO2e emissions,nil
407,gCO2e emissions,nil
408,gCO2e emissions,nil
409,gCO2e emissions,nil
410,gCO2e emissions,nil
411,gCO2e emissions,nil
412,gCO2e emissions,nil
413,gCO2e emissions,nil
414,gCO2e emissions,nil
415,gCO2e emissions,nil
416,gCO2e emissions,nil
417,gCO2e emissions,nil
418,gCO2e emissions,nil
419,gCO2e emissions,nil
420,gCO2e emissions,nil
421,gCO2e emissions,nil
422,gCO2e emissions,nil
423,gCO2e emissions,nil
424,gCO2e emissions,nil
425,gCO2e emissions,nil
426,gCO2e emissions,nil
427,gCO2e emissions,nil
428,gCO2e emissions,nil
429,gCO2e emissions,nil
430,gCO2e emissions,nil
431,gCO2e emissions,nil
432,gCO2e emissions,nil
433,gCO2e emissions,nil
434,gCO2e emissions,nil
435,gCO2e emissions,nil
436,gCO2e emissions,nil
437,gCO2e emissions,nil
438,gCO2e emissions,nil
439,gCO2e emissions,nil
440,gCO2e emissions,nil
441,gCO2e emissions,nil
442,gCO2e emissions,nil
443,gCO2e emissions,nil
444,gCO2e emissions,nil
445,gCO2e emissions,nil
446,gCO2e emissions,nil
447,gCO2e emissions,nil
448,gCO2e emissions,nil
449,gCO2e emissions,nil
450,gCO2e emissions,nil
451,gCO2e emissions,nil
452,gCO2e emissions,nil
453,gCO2e emissions,nil
454,gCO2e emissions,nil
455,gCO2e emissions,nil
456,gCO2e emissions,nil
457,gCO2e emissions,nil
458,gCO2e emissions,nil
459,gCO2e emissions,nil
460,gCO2e emissions,nil
461,gCO2e emissions,nil
462,gCO2e emissions,nil
463,gCO2e emissions,nil
464,gCO2e emissions,nil
465,gCO2e emissions,nil
466,gCO2e emissions,nil
467,gCO2e emissions,nil
468,gCO2e emissions,nil
469,gCO2e emissions,nil
470,gCO2e emissions,nil
471,gCO2e emissions,nil
472,gCO2e emissions,nil
473,gCO2e emissions,nil
474,gCO2e emissions,nil
475,gCO2e emissions,nil
476,gCO2e emissions,nil
477,gCO2e emissions,nil
478,gCO2e emissions,nil
479,gCO2e emissions,nil
480,gCO2e emissions,nil
481,gCO2e emissions,nil
482,gCO2e emissions,nil
483,gCO2e emissions,nil
484,gCO2e emissions,nil
485,gCO2e emissions,nil
486,gCO2e emissions,nil
487,gCO2e emissions,nil
488,gCO2e emissions,nil
489,gCO2e emissions,nil
490,gCO2e emissions,nil
491,gCO2e emissions,nil
492,gCO2e emissions,nil
493,gCO2e emissions,nil
494,gCO2e emissions,nil
495,gCO2e emissions,nil
496,gCO2e emissions,nil
497,gCO2e emissions,nil
498,gCO2e emissions,nil
499,gCO2e emissions,nil
500,gCO2e emissions,nil
501,gCO2e emissions,nil
502,gCO2e emissions,nil
503,gCO2e emissions,nil
504,gCO2e emissions,nil
505,gCO2e emissions,nil
506,gCO2e emissions,nil
507,gCO2e emissions,nil
508,gCO2e emissions,nil
509,gCO2e emissions,nil
510,gCO2e emissions,nil
511,gCO2e emissions,nil
512,gCO2e emissions,nil
513,gCO2e emissions,nil
514,gCO2e emissions,nil
515,gCO2e emissions,nil
516,gCO2e emissions,nil
517,gCO2e emissions,nil
518,gCO2e emissions,nil
519,gCO2e emissions,nil
520,gCO2e emissions,nil
521,gCO2e emissions,nil
522,gCO2e emissions,nil
523,gCO2e emissions,nil
524,gCO2e emissions,nil
525,gCO2e emissions,nil
526,gCO2e emissions,nil
527,gCO2e emissions,nil
528,gCO2e emissions,nil
529,gCO2e emissions,nil
530,gCO2e emissions,nil
531,gCO2e emissions,nil
532,gCO2e emissions,nil
533,gCO2e emissions,nil
534,gCO2e emissions,nil
535,gCO2e emissions,nil
536,gCO2e emissions,nil
537,gCO2e emissions,nil
538,gCO2e emissions,nil
539,gCO2e emissions,nil
540,gCO2e emissions,nil
541,gCO2e emissions,nil
542,gCO2e emissions,nil
543,gCO2e emissions,nil
544,gCO2e emissions,nil
545,gCO2e emissions,nil
546,gCO2e emissions,nil
547,gCO2e emissions,nil
548,gCO2e emissions,nil
549,gCO2e emissions,nil
550,gCO2e emissions,nil
551,gCO2e emissions,nil
552,gCO2e emissions,nil
553,gCO2e emissions,nil
554,gCO2e emissions,nil
555,gCO2e emissions,nil
556,gCO2e emissions,nil
557,gCO2e emissions,nil
558,gCO2e emissions,nil
559,gCO2e emissions,nil
560,gCO2e emissions,nil
561,gCO2e emissions,nil
562,gCO2e emissions,nil
563,gCO2e emissions,nil
564,gCO2e emissions,nil
565,gCO2e emissions,nil
566,gCO2e emissions,nil
567,gCO2e emissions,nil
568,gCO2e emissions,nil
569,gCO2e emissions,nil
570,gCO2e emissions,nil
571,gCO2e emissions,nil
572,gCO2e emissions,nil
573,gCO2e emissions,nil
574,gCO2e emissions,nil
575,gCO2e emissions,nil
576,gCO2e emissions,nil
577,gCO2e emissions,nil
578,gCO2e emissions,nil
579,gCO2e emissions,nil
580,gCO2e emissions,nil
581,gCO2e emissions,nil
582,gCO2e emissions,nil
583,gCO2e emissions,nil
584,gCO2e emissions,nil
585,gCO2e emissions,nil
586,gCO2e emissions,nil
587,gCO2e emissions,nil
588,gCO2e emissions,nil
589,gCO2e emissions,nil
590,gCO2e emissions,nil
591,gCO2e emissions,nil
592,gCO2e emissions,nil
593,gCO2e emissions,nil
594,gCO2e emissions,nil
595,gCO2e emissions,nil
596,gCO2e emissions,nil
597,gCO2e emissions,nil
598,gCO2e emissions,nil
599,gCO2e emissions,nil
600,gCO2e emissions,nil
601,gCO2e emissions,nil
602,gCO2e emissions,nil
603,gCO2e emissions,nil
604,gCO2e emissions,nil
605,gCO2e emissions,nil
606,gCO2e emissions,nil
607,gCO2e emissions,nil
608,gCO2e emissions,nil
609,gCO2e emissions,nil
610,gCO2e emissions,nil
611,gCO2e emissions,nil
612,gCO2e emissions,nil
613,gCO2e emissions,nil
614,gCO2e emissions,nil
615,gCO2e emissions,nil
616,gCO2e emissions,nil
617,gCO2e emissions,nil
618,gCO2e emissions,nil
619,gCO2e emissions,nil
620,gCO2e emissions,nil
621,gCO2e emissions,nil
622,gCO2e emissions,nil
623,gCO2e emissions,nil
624,gCO2e emissions,nil
625,gCO2e emissions,nil
626,gCO2e emissions,nil
627,gCO2e emissions,nil
628,gCO2e emissions,nil
629,gCO2e emissions,nil
630,gCO2e emissions,nil
631,gCO2e emissions,nil
632,gCO2e emissions,nil
633,gCO2e emissions,nil
634,gCO2e emissions,nil
635,gCO2e emissions,nil
636,gCO2e emissions,nil
637,gCO2e emissions,nil
638,gCO2e emissions,nil
639,gCO2e emissions,nil
640,gCO2e emissions,nil
641,gCO2e emissions,nil
642,gCO2e emissions,nil
643,gCO2e emissions,nil
644,gCO2e emissions,nil
645,gCO2e emissions,nil
646,gCO2e emissions,nil
647,gCO2e emissions,nil
648,gCO2e emissions,nil
649,gCO2e emissions,nil
650,gCO2e emissions,nil
651,gCO2e emissions,nil
652,gCO2e emissions,nil
653,gCO2e emissions,nil
654,gCO2e emissions,nil
655,gCO2e emissions,nil
656,gCO2e emissions,nil
657,gCO2e emissions,nil
658,gCO2e emissions,nil
659,gCO2e emissions,nil
660,gCO2e emissions,nil
661,gCO2e emissions,nil
662,gCO2e emissions,nil
663,gCO2e emissions,nil
664,gCO2e emissions,nil
665,gCO2e emissions,nil
666,gCO2e emissions,nil
667,gCO2e emissions,nil
668,gCO2e emissions,nil
669,gCO2e emissions,nil
670,gCO2e emissions,nil
671,gCO2e emissions,nil
672,gCO2e emissions,nil
673,gCO2e emissions,nil
674,gCO2e emissions,nil
675,gCO2e emissions,nil
676,gCO2e emissions,nil
677,gCO2e emissions,nil
678,gCO2e emissions,nil
679,gCO2e emissions,nil
680,gCO2e emissions,nil
681,gCO2e emissions,nil
682,gCO2e emissions,nil
683,gCO2e emissions,nil
684,gCO2e emissions,nil
685,gCO2e emissions,nil
686,gCO2e emissions,nil
687,gCO2e emissions,nil
688,gCO2e emissions,nil
689,gCO2e emissions,nil
690,gCO2e emissions,nil
691,gCO2e emissions,nil
692,gCO2e emissions,nil
693,gCO2e emissions,nil
694,gCO2e emissions,nil
695,gCO2e emissions,nil
696,gCO2e emissions,nil
697,gCO2e emissions,nil
698,gCO2e emissions,nil
699,gCO2e emissions,nil
700,gCO2e emissions,nil
701,gCO2e emissions,nil
702,gCO2e emissions,nil
703,gCO2e emissions,nil
704,gCO2e emissions,nil
705,gCO2e emissions,nil
706,gCO2e emissions,nil
707,gCO2e emissions,nil
708,gCO2e emissions,nil
709,gCO2e emissions,nil
710,gCO2e emissions,nil
711,gCO2e emissions,nil
712,gCO2e emissions,nil
713,gCO2e emissions,nil
714,gCO2e emissions,nil
715,gCO2e emissions,nil
716,gCO2e emissions,nil
717,gCO2e emissions,nil
718,gCO2e emissions,nil
719,gCO2e emissions,nil
720,gCO2e emissions,nil
721,gCO2e emissions,nil
722,gCO2e emissions,nil
723,gCO2e emissions,nil
724,gCO2e emissions,nil
725,gCO2e emissions,nil
726,gCO2e emissions,nil
727,gCO2e emissions,nil
728,gCO2e emissions,nil
729,gCO2e emissions,nil
730,gCO2e emissions,nil
731,gCO2e emissions,nil
732,gCO2e emissions,nil
733,gCO2e emissions,nil
734,gCO2e emissions,nil
735,gCO2e emissions,nil
736,gCO2e emissions,nil
737,gCO2e emissions,nil
738,gCO2e emissions,nil
739,gCO2e emissions,nil
740,gCO2e emissions,nil
741,gCO2e emissions,nil
742,gCO2e emissions,nil
743,gCO2e emissions,nil
744,gCO2e emissions,nil
745,gCO2e emissions,nil
746,gCO2e emissions,nil
747,gCO2e emissions,nil
748,gCO2e emissions,nil
749,gCO2e emissions,nil
750,gCO2e emissions,nil
751,gCO2e emissions,nil
752,gCO2e emissions,nil
753,gCO2e emissions,nil
754,gCO2e emissions,nil
755,gCO2e emissions,nil
756,gCO2e emissions,nil
757,gCO2e emissions,nil
758,gCO2e emissions,nil
759,gCO2e emissions,nil
760,gCO2e emissions,nil
761,gCO2e emissions,nil
762,gCO2e emissions,nil
763,gCO2e emissions,nil
764,gCO2e emissions,nil
765,gCO2e emissions,nil
766,gCO2e emissions,nil
767,gCO2e emissions,nil
768,gCO2e emissions,nil
769,gCO2e emissions,nil
770,gCO2e emissions,nil
771,gCO2e emissions,nil
772,gCO2e emissions,nil
773,gCO2e emissions,nil
774,gCO2e emissions,nil
775,gCO2e emissions,nil
776,gCO2e emissions,nil
777,gCO2e emissions,nil
778,gCO2e emissions,nil
779,gCO2e emissions,nil
780,gCO2e emissions,nil
781,gCO2e emissions,nil
782,gCO2e emissions,nil
783,gCO2e emissions,nil
784,gCO2e emissions,nil
785,gCO2e emissions,nil
786,gCO2e emissions,nil
787,gCO2e emissions,nil
788,gCO2e emissions,nil
789,gCO2e emissions,nil
790,gCO2e emissions,nil
791,gCO2e emissions,nil
792,gCO2e emissions,nil
793,gCO2e emissions,nil
794,gCO2e emissions,nil
795,gCO2e emissions,nil
796,gCO2e emissions,nil
797,gCO2e emissions,nil
798,gCO2e emissions,nil
799,gCO2e emissions,nil
800,gCO2e emissions,nil
801,gCO2e emissions,nil
802,gCO2e emissions,nil
803,gCO2e emissions,nil
804,gCO2e emissions,nil
805,gCO2e emissions,nil
806,gCO2e emissions,nil
807,gCO2e emissions,nil
808,gCO2e emissions,nil
809,gCO2e emissions,nil
810,gCO2e emissions,nil
811,gCO2e emissions,nil
812,gCO2e emissions,nil
813,gCO2e emissions,nil
814,gCO2e emissions,nil
815,gCO2e emissions,nil
816,gCO2e emissions,nil
817,gCO2e emissions,nil
818,gCO2e emissions,nil
819,gCO2e emissions,nil
820,gCO2e emissions,nil
821,gCO2e emissions,nil
822,gCO2e emissions,nil
823,gCO2e emissions,nil
824,gCO2e emissions,nil
825,gCO2e emissions,nil
826,gCO2e emissions,nil
827,gCO2e emissions,nil
828,gCO2e emissions,nil
829,gCO2e emissions,nil
830,gCO2e emissions,nil
831,gCO2e emissions,nil
832,gCO2e emissions,nil
833,gCO2e emissions,nil
834,gCO2e emissions,nil
835,gCO2e emissions,nil
836,gCO2e emissions,nil
837,gCO2e emissions,nil
838,gCO2e emissions,nil
839,gCO2e emissions,nil
840,gCO2e emissions,nil
841,gCO2e emissions,nil
842,gCO2e emissions,nil
843,gCO2e emissions,nil
844,gCO2e emissions,nil
845,gCO2e emissions,nil
846,gCO2e emissions,nil
847,gCO2e emissions,nil
848,gCO2e emissions,nil
849,gCO2e emissions,nil
850,gCO2e emissions,nil
851,gCO2e emissions,nil
852,gCO2e emissions,nil
853,gCO2e emissions,nil
854,gCO2e emissions,nil
855,gCO2e emissions,nil
856,gCO2e emissions,nil
857,gCO2e emissions,nil
858,gCO2e emissions,nil
859,gCO2e emissions,nil
860,gCO2e emissions,nil
861,gCO2e emissions,nil
862,gCO2e emissions,nil
863,gCO2e emissions,nil
864,gCO2e emissions,nil
865,gCO2e emissions,nil
866,gCO2e emissions,nil
867,gCO2e emissions,nil
868,gCO2e emissions,nil
869,gCO2e emissions,nil
870,gCO2e emissions,nil
871,gCO2e emissions,nil
872,gCO2e emissions,nil
873,gCO2e emissions,nil
874,gCO2e emissions,nil
875,gCO2e emissions,nil
876,gCO2e emissions,nil
877,gCO2e emissions,nil
878,gCO2e emissions,nil
879,gCO2e emissions,nil
880,gCO2e emissions,nil
881,gCO2e emissions,nil
882,gCO2e emissions,nil
883,gCO2e emissions,nil
884,gCO2e emissions,nil
885,gCO2e emissions,nil
886,gCO2e emissions,nil
887,gCO2e emissions,nil
888,gCO2e emissions,nil
889,gCO2e emissions,nil
890,gCO2e emissions,nil
891,gCO2e emissions,nil
892,gCO2e emissions,nil
893,gCO2e emissions,nil
894,gCO2e emissions,nil
895,gCO2e emissions,nil
896,gCO2e emissions,nil
897,gCO2e emissions,nil
898,gCO2e emissions,nil
899,gCO2e emissions,nil
900,gCO2e emissions,nil
901,gCO2e emissions,nil
902,gCO2e emissions,nil
903,gCO2e emissions,nil
904,gCO2e emissions,nil
905,gCO2e emissions,nil
906,gCO2e emissions,nil
907,gCO2e emissions,nil
908,gCO2e emissions,nil
909,gCO2e emissions,nil
910,gCO2e emissions,nil
911,gCO2e emissions,nil
912,gCO2e emissions,nil
913,gCO2e emissions,nil
914,gCO2e emissions,nil
915,gCO2e emissions,nil
916,gCO2e emissions,nil
917,gCO2e emissions,nil
918,gCO2e emissions,nil
919,gCO2e emissions,nil
920,gCO2e emissions,nil
921,gCO2e emissions,nil
922,gCO2e emissions,nil
923,gCO2e emissions,nil
924,gCO2e emissions,nil
925,gCO2e emissions,nil
926,gCO2e emissions,nil
927,gCO2e emissions,nil
928,gCO2e emissions,nil
929,gCO2e emissions,nil
930,gCO2e emissions,nil
931,gCO2e emissions,nil
932,gCO2e emissions,nil
933,gCO2e emissions,nil
934,gCO2e emissions,nil
935,gCO2e emissions,nil
936,gCO2e emissions,nil
937,gCO2e emissions,nil
938,gCO2e emissions,nil
939,gCO2e emissions,nil
940,gCO2e emissions,nil
941,gCO2e emissions,nil
942,gCO2e emissions,nil
943,gCO2e emissions,nil
944,gCO2e emissions,nil
945,gCO2e emissions,nil
946,gCO2e emissions,nil
947,gCO2e emissions,nil
948,gCO2e emissions,nil
949,gCO2e emissions,nil
950,gCO2e emissions,nil
951,gCO2e emissions,nil
952,gCO2e emissions,nil
953,gCO2e emissions,nil
954,gCO2e emissions,nil
955,gCO2e emissions,nil
956,gCO2e emissions,nil
957,gCO2e emissions,nil
958,gCO2e emissions,nil
959,gCO2e emissions,nil
960,gCO2e emissions,nil
961,gCO2e emissions,nil
962,gCO2e emissions,nil
963,gCO2e emissions,nil
964,gCO2e emissions,nil
965,gCO2e emissions,nil
966,gCO2e emissions,nil
967,gCO2e emissions,nil
968,gCO2e emissions,nil
969,gCO2e emissions,nil
970,gCO2e emissions,nil
971,gCO2e emissions,nil
972,gCO2e emissions,nil
973,gCO2e emissions,nil
974,gCO2e emissions,nil
975,gCO2e emissions,nil
976,gCO2e emissions,nil
977,gCO2e emissions,nil
978,gCO2e emissions,nil
979,gCO2e emissions,nil
980,gCO2e emissions,nil
981,gCO2e emissions,nil
982,gCO2e emissions,nil
983,gCO2e emissions,nil
984,gCO2e emissions,nil
985,gCO2e emissions,nil
986,gCO2e emissions,nil
987,gCO2e emissions,nil
988,gCO2e emissions,nil
989,gCO2e emissions,nil
990,gCO2e emissions,nil
991,gCO2e emissions,nil
992,gCO2e emissions,nil
993,gCO2e emissions,nil
994,gCO2e emissions,nil
995,gCO2e emissions,nil
996,gCO2e emissions,nil
997,gCO2e emissions,nil
998,gCO2e emissions,nil
999,gCO2e emissions,nil
1000,gCO2e emissions,nil
1001,gCO2e emissions,nil
1002,gCO2e emissions,nil
1003,gCO2e emissions,nil
1004,gCO2e emissions,nil
1005,gCO2e emissions,nil
1006,gCO2e emissions,nil
1007,gCO2e emissions,nil
1008,gCO2e emissions,nil
1009,gCO2e emissions,nil
1010,gCO2e emissions,nil
1011,gCO2e emissions,nil
1012,gCO2e emissions,nil
1013,gCO2e emissions,nil
1014,gCO2e emissions,nil
1015,gCO2e emissions,nil
1016,gCO2e emissions,nil
1017,gCO2e emissions,nil
1018,gCO2e emissions,nil
1019,gCO2e emissions,nil
1020,gCO2e emissions,nil
1021,gCO2e emissions,nil
1022,gCO2e emissions,nil
1023,gCO2e emissions,nil
1024,gCO2e emissions,nil
1025,gCO2e emissions,nil
1026,gCO2e emissions,nil
1027,gCO2e emissions,nil
1028,gCO2e emissions,nil
1029,gCO2e emissions,nil
1030,gCO2e emissions,nil
1031,gCO2e emissions,nil
1032,gCO2e emissions,nil
1033,gCO2e emissions,nil
1034,gCO2e emissions,nil
1035,gCO2e emissions,nil
1036,gCO2e emissions,nil
1037,gCO2e emissions,nil
1038,gCO2e emissions,nil
1039,gCO2e emissions,nil
1040,gCO2e emissions,nil
1041,gCO2e emissions,nil
1042,gCO2e emissions,nil
1043,gCO2e emissions,nil
1044,gCO2e emissions,nil
1045,gCO2e emissions,nil
1046,gCO2e emissions,nil
1047,gCO2e emissions,nil
1048,gCO2e emissions,nil
1049,gCO2e emissions,nil
1050,gCO2e emissions,nil
1051,gCO2e emissions,nil
1052,gCO2e emissions,nil
1053,gCO2e emissions,nil
1054,gCO2e emissions,nil
1055,gCO2e emissions,nil
1056,gCO2e emissions,nil
1057,gCO2e emissions,nil
1058,gCO2e emissions,nil
1059,gCO2e emissions,nil
1060,gCO2e emissions,nil
1061,gCO2e emissions,nil
1062,gCO2e emissions,nil
1063,gCO2e emissions,nil
1064,gCO2e emissions,nil
1065,gCO2e emissions,nil
1066,gCO2e emissions,nil
1067,gCO2e emissions,nil
1068,gCO2e emissions,nil
1069,gCO2e emissions,nil
1070,gCO2e emissions,nil
1071,gCO2e emissions,nil
1072,gCO2e emissions,nil
1073,gCO2e emissions,nil
1074,gCO2e emissions,nil
1075,gCO2e emissions,nil
1076,gCO2e emissions,nil
1077,gCO2e emissions,nil
1078,gCO2e emissions,nil
1079,gCO2e emissions,nil
1080,gCO2e emissions,nil
1081,gCO2e emissions,nil
1082,gCO2e emissions,nil
1083,gCO2e emissions,nil
1084,gCO2e emissions,nil
1085,gCO2e emissions,nil
1086,gCO2e emissions,nil
1087,gCO2e emissions,nil
1088,gCO2e emissions,nil
1089,gCO2e emissions,nil
1090,gCO2e emissions,nil
1091,gCO2e emissions,nil
1092,gCO2e emissions,nil
1093,gCO2e emissions,nil
1094,gCO2e emissions,nil
1095,gCO2e emissions,nil
1096,gCO2e emissions,nil
1097,gCO2e emissions,nil
1098,gCO2e emissions,nil
1099,gCO2e emissions,nil
1100,gCO2e emissions,nil
1101,gCO2e emissions,nil
1102,gCO2e emissions,nil
1103,gCO2e emissions,nil
1104,gCO2e emissions,nil
1105,gCO2e emissions,nil
1106,gCO2e emissions,nil
1107,gCO2e emissions,nil
1108,gCO2e emissions,nil
1109,gCO2e emissions,nil
1110,gCO2e emissions,nil
1111,gCO2e emissions,nil
1112,gCO2e emissions,nil
1113,gCO2e emissions,nil
1114,gCO2e emissions,nil
1115,gCO2e emissions,nil
1116,gCO2e emissions,nil
1117,gCO2e emissions,nil
1118,gCO2e emissions,nil
1119,gCO2e emissions,nil
1120,gCO2e emissions,nil
1121,gCO2e emissions,nil
1122,gCO2e emissions,nil
1123,gCO2e emissions,nil
1124,gCO2e emissions,nil
1125,gCO2e emissions,nil
1126,gCO2e emissions,nil
1127,gCO2e emissions,nil
1128,gCO2e emissions,nil
1129,gCO2e emissions,nil
1130,gCO2e emissions,nil
1131,gCO2e emissions,nil
1132,gCO2e emissions,nil
1133,gCO2e emissions,nil
1134,gCO2e emissions,nil
1135,gCO2e emissions,nil
1136,gCO2e emissions,nil
1137,gCO2e emissions,nil
1138,gCO2e emissions,nil
1139,gCO2e emissions,nil
1140,gCO2e emissions,nil
1141,gCO2e emissions,nil
1142,gCO2e emissions,nil
1143,gCO2e emissions,nil
1144,gCO2e emissions,nil
1145,gCO2e emissions,nil
1146,gCO2e emissions,nil
1147,gCO2e emissions,nil
1148,gCO2e emissions,nil
1149,gCO2e emissions,nil
1150,gCO2e emissions,nil
1151,gCO2e emissions,nil
1152,gCO2e emissions,nil
1153,gCO2e emissions,nil
1154,gCO2e emissions,nil
1155,gCO2e emissions,nil
1156,gCO2e emissions,nil
1157,gCO2e emissions,nil
1158,gCO2e emissions,nil
1159,gCO2e emissions,nil
1160,gCO2e emissions,nil
1161,gCO2e emissions,nil
1162,gCO2e emissions,nil
1163,gCO2e emissions,nil
1164,gCO2e emissions,nil
1165,gCO2e emissions,nil
1166,gCO2e emissions,nil
1167,gCO2e emissions,nil
1168,gCO2e emissions,nil
1169,gCO2e emissions,nil
1170,gCO2e emissions,nil
1171,gCO2e emissions,nil
1172,gCO2e emissions,nil
1173,gCO2e emissions,nil
1174,gCO2e emissions,nil
1175,gCO2e emissions,nil
1176,gCO2e emissions,nil
1177,gCO2e emissions,nil
1178,gCO2e emissions,nil
1179,gCO2e emissions,nil
1180,gCO2e emissions,nil
1181,gCO2e emissions,nil
1182,gCO2e emissions,nil
1183,gCO2e emissions,nil
1184,gCO2e emissions,nil
1185,gCO2e emissions,nil
1186,gCO2e emissions,nil
1187,gCO2e emissions,nil
1188,gCO2e emissions,nil
1189,gCO2e emissions,nil
1190,gCO2e emissions,nil
1191,gCO2e emissions,nil
1192,gCO2e emissions,nil
1193,gCO2e emissions,nil
1194,gCO2e emissions,nil
1195,gCO2e emissions,nil
1196,gCO2e emissions,nil
1197,gCO2e emissions,nil
1198,gCO2e emissions,nil
1199,gCO2e emissions,nil
1200,gCO2e emissions,nil
1201,gCO2e emissions,nil
1202,gCO2e emissions,nil
1203,gCO2e emissions,nil
1204,gCO2e emissions,nil
1205,gCO2e emissions,nil
1206,gCO2e emissions,nil
1207,gCO2e emissions,nil
1208,gCO2e emissions,nil
1209,gCO2e emissions,nil
1210,gCO2e emissions,nil
1211,gCO2e emissions,nil
1212,gCO2e emissions,nil
1213,gCO2e emissions,nil
1214,gCO2e emissions,nil
1215,gCO2e emissions,nil
1216,gCO2e emissions,nil
1217,gCO2e emissions,nil
1218,gCO2e emissions,nil
1219,gCO2e emissions,nil
1220,gCO2e emissions,nil
1221,gCO2e emissions,nil
1222,gCO2e emissions,nil
1223,gCO2e emissions,nil
1224,gCO2e emissions,nil
1225,gCO2e emissions,nil
1226,gCO2e emissions,nil
1227,gCO2e emissions,nil
1228,gCO2e emissions,nil
1229,gCO2e emissions,nil
1230,gCO2e emissions,nil
1231,gCO2e emissions,nil
1232,gCO2e emissions,nil
1233,gCO2e emissions,nil
1234,gCO2e emissions,nil
1235,gCO2e emissions,nil
1236,gCO2e emissions,nil
1237,gCO2e emissions,nil
1238,gCO2e emissions,nil
1239,gCO2e emissions,nil
1240,gCO2e emissions,nil
1241,gCO2e emissions,nil
1242,gCO2e emissions,nil
1243,gCO2e emissions,nil
1244,gCO2e emissions,nil
1245,gCO2e emissions,nil
1246,gCO2e emissions,nil
1247,gCO2e emissions,nil
1248,gCO2e emissions,nil
1249,gCO2e emissions,nil
1250,gCO2e emissions,nil
1251,gCO2e emissions,nil
1252,gCO2e emissions,nil
1253,gCO2e emissions,nil
1254,gCO2e emissions,nil
1255,gCO2e emissions,nil
1256,gCO2e emissions,nil
1257,gCO2e emissions,nil
1258,gCO2e emissions,nil
1259,gCO2e emissions,nil
1260,gCO2e emissions,nil
1261,gCO2e emissions,nil
1262,gCO2e emissions,nil
1263,gCO2e emissions,nil
1264,gCO2e emissions,nil
1265,gCO2e emissions,nil
1266,gCO2e emissions,nil
1267,gCO2e emissions,nil
1268,gCO2e emissions,nil
1269,gCO2e emissions,nil
1270,gCO2e emissions,nil
1271,gCO2e emissions,nil
1272,gCO2e emissions,nil
1273,gCO2e emissions,nil
1274,gCO2e emissions,nil
1275,gCO2e emissions,nil
1276,gCO2e emissions,nil
1277,gCO2e emissions,nil
1278,gCO2e emissions,nil
1279,gCO2e emissions,nil
1280,gCO2e emissions,nil
1281,gCO2e emissions,nil
1282,gCO2e emissions,nil
1283,gCO2e emissions,nil
1284,gCO2e emissions,nil
1285,gCO2e emissions,nil
1286,gCO2e emissions,nil
1287,gCO2e emissions,nil
1288,gCO2e emissions,nil
1289,gCO2e emissions,nil
1290,gCO2e emissions,nil
1291,gCO2e emissions,nil
1292,gCO2e emissions,nil
1293,gCO2e emissions,nil
1294,gCO2e emissions,nil
1295,gCO2e emissions,nil
1296,gCO2e emissions,nil
1297,gCO2e emissions,nil
1298,gCO2e emissions,nil
1299,gCO2e emissions,nil
1300,gCO2e emissions,nil
1301,gCO2e emissions,nil
1302,gCO2e emissions,nil
1303,gCO2e emissions,nil
1304,gCO2e emissions,nil
1305,gCO2e emissions,nil
1306,gCO2e emissions,nil
1307,gCO2e emissions,nil
1308,gCO2e emissions,nil
1309,gCO2e emissions,nil
1310,gCO2e emissions,nil
1311,gCO2e emissions,nil
1312,gCO2e emissions,nil
1313,gCO2e emissions,nil
1314,gCO2e emissions,nil
1315,gCO2e emissions,nil
1316,gCO2e emissions,nil
1317,gCO2e emissions,nil
1318,gCO2e emissions,nil
1319,gCO2e emissions,nil
1320,gCO2e emissions,nil
1321,gCO2e emissions,nil
1322,gCO2e emissions,nil
1323,gCO2e emissions,nil
1324,gCO2e emissions,nil
1325,gCO2e emissions,nil
1326,gCO2e emissions,nil
1327,gCO2e emissions,nil
1328,gCO2e emissions,nil
1329,gCO2e emissions,nil
1330,gCO2e emissions,nil
1331,gCO2e emissions,nil
1332,gCO2e emissions,nil
1333,gCO2e emissions,nil
1334,gCO2e emissions,nil
1335,gCO2e emissions,nil
1336,gCO2e emissions,nil
1337,gCO2e emissions,nil
1338,gCO2e emissions,nil
1339,gCO2e emissions,nil
1340,gCO2e emissions,nil
1341,gCO2e emissions,nil
1342,gCO2e emissions,nil
1343,gCO2e emissions,nil
1344,gCO2e emissions,nil
1345,gCO2e emissions,nil
1346,gCO2e emissions,nil
1347,gCO2e emissions,nil
1348,gCO2e emissions,nil
1349,gCO2e emissions,nil
1350,gCO2e emissions,nil
1351,gCO2e emissions,nil
1352,gCO2e emissions,nil
1353,gCO2e emissions,nil
1354,gCO2e emissions,nil
1355,gCO2e emissions,nil
1356,gCO2e emissions,nil
1357,gCO2e emissions,nil
1358,gCO2e emissions,nil
1359,gCO2e emissions,nil
1360,gCO2e emissions,nil
1361,gCO2e emissions,nil
1362,gCO2e emissions,nil
1363,gCO2e emissions,nil
1364,gCO2e emissions,nil
1365,gCO2e emissions,nil
1366,gCO2e emissions,nil
1367,gCO2e emissions,nil
1368,gCO2e emissions,nil
1369,gCO2e emissions,nil
1370,gCO2e emissions,nil
1371,gCO2e emissions,nil
1372,gCO2e emissions,nil
1373,gCO2e emissions,nil
1374,gCO2e emissions,nil
1375,gCO2e emissions,nil
1376,gCO2e emissions,nil
1377,gCO2e emissions,nil
1378,gCO2e emissions,nil
1379,gCO2e emissions,nil
1380,gCO2e emissions,nil
1381,gCO2e emissions,nil
1382,gCO2e emissions,nil
1383,gCO2e emissions,nil
1384,gCO2e emissions,nil
1385,gCO2e emissions,nil
1386,gCO2e emissions,nil
1387,gCO2e emissions,nil
1388,gCO2e emissions,nil
1389,gCO2e emissions,nil
1390,gCO2e emissions,nil
1391,gCO2e emissions,nil
1392,gCO2e emissions,nil
1393,gCO2e emissions,nil
1394,gCO2e emissions,nil
1395,gCO2e emissions,nil
1396,gCO2e emissions,nil
1397,gCO2e emissions,nil
1398,gCO2e emissions,nil
1399,gCO2e emissions,nil
1400,gCO2e emissions,nil
1401,gCO2e emissions,nil
1402,gCO2e emissions,nil
1403,gCO2e emissions,nil
1404,gCO2e emissions,nil
1405,gCO2e emissions,nil
1406,gCO2e emissions,nil
1407,gCO2e emissions,nil
1408,gCO2e emissions,nil
1409,gCO2e emissions,nil
1410,gCO2e emissions,nil
1411,gCO2e emissions,nil
1412,gCO2e emissions,nil
1413,gCO2e emissions,nil
1414,gCO2e emissions,nil
1415,gCO2e emissions,nil
1416,gCO2e emissions,nil
1417,gCO2e emissions,nil
1418,gCO2e emissions,nil
1419,gCO2e emissions,nil
1420,gCO2e emissions,nil
1421,gCO2e emissions,nil
1422,gCO2e emissions,nil
1423,gCO2e emissions,nil
1424,gCO2e emissions,nil
1425,gCO2e emissions,nil
1426,gCO2e emissions,nil
1427,gCO2e emissions,nil
1428,gCO2e emissions,nil
1429,gCO2e emissions,nil
1430,gCO2e emissions,nil
1431,gCO2e emissions,nil
1432,gCO2e emissions,nil
1433,gCO2e emissions,nil
1434,gCO2e emissions,nil
1435,gCO2e emissions,nil
1436,gCO2e emissions,nil
1437,gCO2e emissions,nil
1438,gCO2e emissions,nil
1439,gCO2e emissions,nil
1440,gCO2e emissions,nil
1441,gCO2e emissions,nil
1442,gCO2e emissions,nil
1443,gCO2e emissions,nil
1444,gCO2e emissions,nil
1445,gCO2e emissions,nil
1446,gCO2e emissions,nil
1447,gCO2e emissions,nil
1448,gCO2e emissions,nil
1449,gCO2e emissions,nil
1450,gCO2e emissions,nil
1451,gCO2e emissions,nil
1452,gCO2e emissions,nil
1453,gCO2e emissions,nil
1454,gCO2e emissions,nil
1455,gCO2e emissions,nil
1456,gCO2e emissions,nil
1457,gCO2e emissions,nil
1458,gCO2e emissions,nil
1459,gCO2e emissions,nil
1460,gCO2e emissions,nil
1461,gCO2e emissions,nil
1462,gCO2e emissions,nil
1463,gCO2e emissions,nil
1464,gCO2e emissions,nil
1465,gCO2e emissions,nil
1466,gCO2e emissions,nil
1467,gCO2e emissions,nil
1468,gCO2e emissions,nil
1469,gCO2e emissions,nil
1470,gCO2e emissions,nil
1471,gCO2e emissions,nil
1472,gCO2e emissions,nil
1473,gCO2e emissions,nil
1474,gCO2e emissions,nil
1475,gCO2e emissions,nil
1476,gCO2e emissions,nil
1477,gCO2e emissions,nil
1478,gCO2e emissions,nil
1479,gCO2e emissions,nil
1480,gCO2e emissions,nil
1481,gCO2e emissions,nil
1482,gCO2e emissions,nil
1483,gCO2e emissions,nil
1484,gCO2e emissions,nil
1485,gCO2e emissions,nil
1486,gCO2e emissions,nil
1487,gCO2e emissions,nil
1488,gCO2e emissions,nil
1489,gCO2e emissions,nil
1490,gCO2e emissions,nil
1491,gCO2e emissions,nil
1492,gCO2e emissions,nil
1493,gCO2e emissions,nil
1494,gCO2e emissions,nil
1495,gCO2e emissions,nil
1496,gCO2e emissions,nil
1497,gCO2e emissions,nil
1498,gCO2e emissions,nil
1499,gCO2e emissions,nil
1500,gCO2e emissions,nil
1501,gCO2e emissions,nil
1502,gCO2e emissions,nil
1503,gCO2e emissions,nil
1504,gCO2e emissions,nil
1505,gCO2e emissions,nil
1506,gCO2e emissions,nil
1507,gCO2e emissions,nil
1508,gCO2e emissions,nil
1509,gCO2e emissions,nil
1510,gCO2e emissions,nil
1511,gCO2e emissions,nil
1512,gCO2e emissions,nil
1513,gCO2e emissions,nil
1514,gCO2e emissions,nil
1515,gCO2e emissions,nil
1516,gCO2e emissions,nil
1517,gCO2e emissions,nil
1518,gCO2e emissions,nil
1519,gCO2e emissions,nil
1520,gCO2e emissions,nil
1521,gCO2e emissions,nil
1522,gCO2e emissions,nil
1523,gCO2e emissions,nil
1524,gCO2e emissions,nil
1525,gCO2e emissions,nil
1526,gCO2e emissions,nil
1527,gCO2e emissions,nil
1528,gCO2e emissions,nil
1529,gCO2e emissions,nil
1530,gCO2e emissions,nil
1531,gCO2e emissions,nil
1532,gCO2e emissions,nil
1533,gCO2e emissions,nil
1534,gCO2e emissions,nil
1535,gCO2e emissions,nil
1536,gCO2e emissions,nil
1537,gCO2e emissions,nil
1538,gCO2e emissions,nil
1539,gCO2e emissions,nil
1540,gCO2e emissions,nil
1541,gCO2e emissions,nil
1542,gCO2e emissions,nil
1543,gCO2e emissions,nil
1544,gCO2e emissions,nil
1545,gCO2e emissions,nil
1546,gCO2e emissions,nil
1547,gCO2e emissions,nil
1548,gCO2e emissions,nil
1549,gCO2e emissions,nil
1550,gCO2e emissions,nil
1551,gCO2e emissions,nil
1552,gCO2e emissions,nil
1553,gCO2e emissions,nil
1554,gCO2e emissions,nil
1555,gCO2e emissions,nil
1556,gCO2e emissions,nil
1557,gCO2e emissions,nil
1558,gCO2e emissions,nil
1559,gCO2e emissions,nil
1560,gCO2e emissions,nil
1561,gCO2e emissions,nil
1562,gCO2e emissions,nil
1563,gCO2e emissions,nil
1564,gCO2e emissions,nil
1565,gCO2e emissions,nil
1566,gCO2e emissions,nil
1567,gCO2e emissions,nil
1568,gCO2e emissions,nil
1569,gCO2e emissions,nil
1570,gCO2e emissions,nil
1571,gCO2e emissions,nil
1572,gCO2e emissions,nil
1573,gCO2e emissions,nil
1574,gCO2e emissions,nil
1575,gCO2e emissions,nil
1576,gCO2e emissions,nil
1577,gCO2e emissions,nil
1578,gCO2e emissions,nil
1579,gCO2e emissions,nil
1580,gCO2e emissions,nil
1581,gCO2e emissions,nil
1582,gCO2e emissions,nil
1583,gCO2e emissions,nil
1584,gCO2e emissions,nil
1585,gCO2e emissions,nil
1586,gCO2e emissions,nil
1587,gCO2e emissions,nil
1588,gCO2e emissions,nil
1589,gCO2e emissions,nil
1590,gCO2e emissions,nil
1591,gCO2e emissions,nil
1592,gCO2e emissions,nil
1593,gCO2e emissions,nil
1594,gCO2e emissions,nil
1595,gCO2e emissions,nil
1596,gCO2e emissions,nil
1597,gCO2e emissions,nil
1598,gCO2e emissions,nil
1599,gCO2e emissions,nil
1600,gCO2e emissions,nil
1601,gCO2e emissions,nil
1602,gCO2e emissions,nil
1603,gCO2e emissions,nil
1604,gCO2e emissions,nil
1605,gCO2e emissions,nil
1606,gCO2e emissions,nil
1607,gCO2e emissions,nil
1608,gCO2e emissions,nil
1609,gCO2e emissions,nil
1610,gCO2e emissions,nil
1611,gCO2e emissions,nil
1612,gCO2e emissions,nil
1613,gCO2e emissions,nil
1614,gCO2e emissions,nil
1615,gCO2e emissions,nil
1616,gCO2e emissions,nil
1617,gCO2e emissions,nil
1618,gCO2e emissions,nil
1619,gCO2e emissions,nil
1620,gCO2e emissions,nil
1621,gCO2e emissions,nil
1622,gCO2e emissions,nil
1623,gCO2e emissions,nil
1624,gCO2e emissions,nil
1625,gCO2e emissions,nil
1626,gCO2e emissions,nil
1627,gCO2e emissions,nil
1628,gCO2e emissions,nil
1629,gCO2e emissions,nil
1630,gCO2e emissions,nil
1631,gCO2e emissions,nil
1632,gCO2e emissions,nil
1633,gCO2e emissions,nil
1634,gCO2e emissions,nil
1635,gCO2e emissions,nil
1636,gCO2e emissions,nil
1637,gCO2e emissions,nil
1638,gCO2e emissions,nil
1639,gCO2e emissions,nil
1640,gCO2e emissions,nil
1641,gCO2e emissions,nil
1642,gCO2e emissions,nil
1643,gCO2e emissions,nil
1644,gCO2e emissions,nil
1645,gCO2e emissions,nil
1646,gCO2e emissions,nil
1647,gCO2e emissions,nil
1648,gCO2e emissions,nil
1649,gCO2e emissions,nil
1650,gCO2e emissions,nil
1651,gCO2e emissions,nil
1652,gCO2e emissions,nil
1653,gCO2e emissions,nil
1654,gCO2e emissions,nil
1655,gCO2e emissions,nil
1656,gCO2e emissions,nil
1657,gCO2e emissions,nil
1658,gCO2e emissions,nil
1659,gCO2e emissions,nil
1660,gCO2e emissions,nil
1661,gCO2e emissions,nil
1662,gCO2e emissions,nil
1663,gCO2e emissions,nil
1664,gCO2e emissions,nil
1665,gCO2e emissions,nil
1666,gCO2e emissions,nil
1667,gCO2e emissions,nil
1668,gCO2e emissions,nil
1669,gCO2e emissions,nil
1670,gCO2e emissions,nil
1671,gCO2e emissions,nil
1672,gCO2e emissions,nil
1673,gCO2e emissions,nil
1674,gCO2e emissions,nil
1675,gCO2e emissions,nil
1676,gCO2e emissions,nil
1677,gCO2e emissions,nil
1678,gCO2e emissions,nil
1679,gCO2e emissions,nil
1680,gCO2e emissions,nil
1681,gCO2e emissions,nil
1682,gCO2e emissions,nil
1683,gCO2e emissions,nil
1684,gCO2e emissions,nil
1685,gCO2e emissions,nil
1686,gCO2e emissions,nil
1687,gCO2e emissions,nil
1688,gCO2e emissions,nil
1689,gCO2e emissions,nil
1690,gCO2e emissions,nil
1691,gCO2e emissions,nil
1692,gCO2e emissions,nil
1693,gCO2e emissions,nil
1694,gCO2e emissions,nil
1695,gCO2e emissions,nil
1696,gCO2e emissions,nil
1697,gCO2e emissions,nil
1698,gCO2e emissions,nil
1699,gCO2e emissions,nil
1700,gCO2e emissions,nil
1701,gCO2e emissions,nil
1702,gCO2e emissions,nil
1703,gCO2e emissions,nil
1704,gCO2e emissions,nil
1705,gCO2e emissions,nil
1706,gCO2e emissions,nil
1707,gCO2e emissions,nil
1708,gCO2e emissions,nil
1709,gCO2e emissions,nil
1710,gCO2e emissions,nil
1711,gCO2e emissions,nil
1712,gCO2e emissions,nil
1713,gCO2e emissions,nil
1714,gCO2e emissions,nil
1715,gCO2e emissions,nil
1716,gCO2e emissions,nil
1717,gCO2e emissions,nil
1718,gCO2e emissions,nil
1719,gCO2e emissions,nil
1720,gCO2e emissions,nil
1721,gCO2e emissions,nil
1722,gCO2e emissions,nil
1723,gCO2e emissions,nil
1724,gCO2e emissions,nil
1725,gCO2e emissions,nil
1726,gCO2e emissions,nil
1727,gCO2e emissions,nil
1728,gCO2e emissions,nil
1729,gCO2e emissions,nil
1730,gCO2e emissions,nil
1731,gCO2e emissions,nil
1732,gCO2e emissions,nil
1733,gCO2e emissions,nil
1734,gCO2e emissions,nil
1735,gCO2e emissions,nil
1736,gCO2e emissions,nil
1737,gCO2e emissions,nil
1738,gCO2e emissions,nil
1739,gCO2e emissions,nil
1740,gCO2e emissions,nil
1741,gCO2e emissions,nil
1742,gCO2e emissions,nil
1743,gCO2e emissions,nil
1744,gCO2e emissions,nil
1745,gCO2e emissions,nil
1746,gCO2e emissions,nil
1747,gCO2e emissions,nil
1748,gCO2e emissions,nil
1749,gCO2e emissions,nil
1750,gCO2e emissions,nil
1751,gCO2e emissions,nil
1752,gCO2e emissions,nil
1753,gCO2e emissions,nil
1754,gCO2e emissions,nil
1755,gCO2e emissions,nil
1756,gCO2e emissions,nil
1757,gCO2e emissions,nil
1758,gCO2e emissions,nil
1759,gCO2e emissions,nil
1760,gCO2e emissions,nil
1761,gCO2e emissions,nil
1762,gCO2e emissions,nil
1763,gCO2e emissions,nil
1764,gCO2e emissions,nil
1765,gCO2e emissions,nil
1766,gCO2e emissions,nil
1767,gCO2e emissions,nil
1768,gCO2e emissions,nil
1769,gCO2e emissions,nil
1770,gCO2e emissions,nil
1771,gCO2e emissions,nil
1772,gCO2e emissions,nil
1773,gCO2e emissions,nil
1774,gCO2e emissions,nil
1775,gCO2e emissions,nil
1776,gCO2e emissions,nil
1777,gCO2e emissions,nil
1778,gCO2e emissions,nil
1779,gCO2e emissions,nil
1780,gCO2e emissions,nil
1781,gCO2e emissions,nil
1782,gCO2e emissions,nil
1783,gCO2e emissions,nil
1784,gCO2e emissions,nil
1785,gCO2e emissions,nil
1786,gCO2e emissions,nil
1787,gCO2e emissions,nil
1788,gCO2e emissions,nil
1789,gCO2e emissions,nil
1790,gCO2e emissions,nil
1791,gCO2e emissions,nil
1792,gCO2e emissions,nil
1793,gCO2e emissions,nil
1794,gCO2e emissions,nil
1795,gCO2e emissions,nil
1796,gCO2e emissions,nil
1797,gCO2e emissions,nil
1798,gCO2e emissions,nil
1799,gCO2e emissions,nil
1800,gCO2e emissions,nil
1801,gCO2e emissions,nil
1802,gCO2e emissions,nil
1803,gCO2e emissions,nil
1804,gCO2e emissions,nil
1805,gCO2e emissions,nil
1806,gCO2e emissions,nil
1807,gCO2e emissions,nil
1808,gCO2e emissions,nil
1809,gCO2e emissions,nil
1810,gCO2e emissions,nil
1811,gCO2e emissions,nil
1812,gCO2e emissions,nil
1813,gCO2e emissions,nil
1814,gCO2e emissions,nil
1815,gCO2e emissions,nil
1816,gCO2e emissions,nil
1817,gCO2e emissions,nil
1818,gCO2e emissions,nil
1819,gCO2e emissions,nil
1820,gCO2e emissions,nil
1821,gCO2e emissions,nil
1822,gCO2e emissions,nil
1823,gCO2e emissions,nil
1824,gCO2e emissions,nil
1825,gCO2e emissions,nil
1826,gCO2e emissions,nil
1827,gCO2e emissions,nil
1828,gCO2e emissions,nil
1829,gCO2e emissions,nil
1830,gCO2e emissions,nil
1831,gCO2e emissions,nil
1832,gCO2e emissions,nil
1833,gCO2e emissions,nil
1834,gCO2e emissions,nil
1835,gCO2e emissions,nil
1836,gCO2e emissions,nil
1837,gCO2e emissions,nil
1838,gCO2e emissions,nil
1839,gCO2e emissions,nil
1840,gCO2e emissions,nil
1841,gCO2e emissions,nil
1842,gCO2e emissions,nil
1843,gCO2e emissions,nil
1844,gCO2e emissions,nil
1845,gCO2e emissions,nil
1846,gCO2e emissions,nil
1847,gCO2e emissions,nil
1848,gCO2e emissions,nil
1849,gCO2e emissions,nil
1850,gCO2e emissions,nil
1851,gCO2e emissions,nil
1852,gCO2e emissions,nil
1853,gCO2e emissions,nil
1854,gCO2e emissions,nil
1855,gCO2e emissions,nil
1856,gCO2e emissions,nil
1857,gCO2e emissions,nil
1858,gCO2e emissions,nil
1859,gCO2e emissions,nil
1860,gCO2e emissions,nil
1861,gCO2e emissions,nil
1862,gCO2e emissions,nil
1863,gCO2e emissions,nil
1864,gCO2e emissions,nil
1865,gCO2e emissions,nil
1866,gCO2e emissions,nil
1867,gCO2e emissions,nil
1868,gCO2e emissions,nil
1869,gCO2e emissions,nil
1870,gCO2e emissions,nil
1871,gCO2e emissions,nil
1872,gCO2e emissions,nil
1873,gCO2e emissions,nil
1874,gCO2e emissions,nil
1875,gCO2e emissions,nil
1876,gCO2e emissions,nil
1877,gCO2e emissions,nil
1878,gCO2e emissions,nil
1879,gCO2e emissions,nil
1880,gCO2e emissions,nil
1881,gCO2e emissions,nil
1882,gCO2e emissions,nil
1883,gCO2e emissions,nil
1884,gCO2e emissions,nil
1885,gCO2e emissions,nil
1886,gCO2e emissions,nil
1887,gCO2e emissions,nil
1888,gCO2e emissions,nil
1889,gCO2e emissions,nil
1890,gCO2e emissions,nil
1891,gCO2e emissions,nil
1892,gCO2e emissions,nil
1893,gCO2e emissions,nil
1894,gCO2e emissions,nil
1895,gCO2e emissions,nil
1896,gCO2e emissions,nil
1897,gCO2e emissions,nil
1898,gCO2e emissions,nil
1899,gCO2e emissions,nil
1900,gCO2e emissions,nil
1901,gCO2e emissions,nil
1902,gCO2e emissions,nil
1903,gCO2e emissions,nil
1904,gCO2e emissions,nil
1905,gCO2e emissions,nil
1906,gCO2e emissions,nil
1907,gCO2e emissions,nil
1908,gCO2e emissions,nil
1909,gCO2e emissions,nil
1910,gCO2e emissions,nil
1911,gCO2e emissions,nil
1912,gCO2e emissions,nil
1913,gCO2e emissions,nil
1914,gCO2e emissions,nil
1915,gCO2e emissions,nil
1916,gCO2e emissions,nil
1917,gCO2e emissions,nil
1918,gCO2e emissions,nil
1919,gCO2e emissions,nil
1920,gCO2e emissions,nil
1921,gCO2e emissions,nil
1922,gCO2e emissions,nil
1923,gCO2e emissions,nil
1924,gCO2e emissions,nil
1925,gCO2e emissions,nil
1926,gCO2e emissions,nil
1927,gCO2e emissions,nil
1928,gCO2e emissions,nil
1929,gCO2e emissions,nil
1930,gCO2e emissions,nil
1931,gCO2e emissions,nil
1932,gCO2e emissions,nil
1933,gCO2e emissions,nil
1934,gCO2e emissions,nil
1935,gCO2e emissions,nil
1936,gCO2e emissions,nil
1937,gCO2e emissions,nil
1938,gCO2e emissions,nil
1939,gCO2e emissions,nil
1940,gCO2e emissions,nil
1941,gCO2e emissions,nil
1942,gCO2e emissions,nil
1943,gCO2e emissions,nil
1944,gCO2e emissions,nil
1945,gCO2e emissions,nil
1946,gCO2e emissions,nil
1947,gCO2e emissions,nil
1948,gCO2e emissions,nil
1949,gCO2e emissions,nil
1950,gCO2e emissions,nil
1951,gCO2e emissions,nil
1952,gCO2e emissions,nil
1953,gCO2e emissions,nil
1954,gCO2e emissions,nil
1955,gCO2e emissions,nil
1956,gCO2e emissions,nil
1957,gCO2e emissions,nil
1958,gCO2e emissions,nil
1959,gCO2e emissions,nil
1960,gCO2e emissions,nil
1961,gCO2e emissions,nil
1962,gCO2e emissions,nil
1963,gCO2e emissions,nil
1964,gCO2e emissions,nil
1965,gCO2e emissions,nil
1966,gCO2e emissions,nil
1967,gCO2e emissions,nil
1968,gCO2e emissions,nil
1969,gCO2e emissions,nil
1970,gCO2e emissions,nil
1971,gCO2e emissions,nil
1972,gCO2e emissions,nil
1973,gCO2e emissions,nil
1974,gCO2e emissions,nil
1975,gCO2e emissions,nil
1976,gCO2e emissions,nil
1977,gCO2e emissions,nil
1978,gCO2e emissions,nil
1979,gCO2e emissions,nil
1980,gCO2e emissions,nil
1981,gCO2e emissions,nil
1982,gCO2e emissions,nil
1983,gCO2e emissions,nil
1984,gCO2e emissions,nil
1985,gCO2e emissions,nil
1986,gCO2e emissions,nil
1987,gCO2e emissions,nil
1988,gCO2e emissions,nil
1989,gCO2e emissions,nil
1990,gCO2e emissions,nil
1991,gCO2e emissions,nil
1992,gCO2e emissions,nil
1993,gCO2e emissions,nil
1994,gCO2e emissions,nil
1995,gCO2e emissions,nil
1996,gCO2e emissions,nil
1997,gCO2e emissions,nil
1998,gCO2e emissions,nil
1999,gCO2e emissions,nil
2000,gCO2e emissions,nil
2001,gCO2e emissions,nil
2002,gCO2e emissions,nil
2003,gCO2e emissions,nil
2004,gCO2e emissions,nil
2005,gCO2e emissions,nil
2006,gCO2e emissions,nil
2007,gCO2e emissions,nil
2008,gCO2e emissions,nil
2009,gCO2e emissions,nil
2010,gCO2e emissions,nil
2011,gCO2e emissions,nil
2012,gCO2e emissions,nil
2013,gCO2e emissions,nil
2014,gCO2e emissions,nil
2015,gCO2e emissions,nil
2016,gCO2e emissions,nil
2017,gCO2e emissions,nil
2018,gCO2e emissions,nil
2019,gCO2e emissions,nil
2020,gCO2e emissions,nil
2021,gCO2e emissions,nil
2022,gCO2e emissions,nil
2023,gCO2e emissions,nil
2024,gCO2e emissions,nil
2025,gCO2e emissions,nil
2026,gCO2e emissions,nil
2027,gCO2e emissions,nil
2028,gCO2e emissions,nil
2029,gCO2e emissions,nil
2030,gCO2e emissions,nil
2031,gCO2e emissions,nil
2032,gCO2e emissions,nil
2033,gCO2e emissions,nil
2034,gCO2e emissions,nil
2035,gCO2e emissions,nil
2036,gCO2e emissions,nil
2037,gCO2e emissions,nil
2038,gCO2e emissions,nil
2039,gCO2e emissions,nil
2040,gCO2e emissions,nil
2041,gCO2e emissions,nil
2042,gCO2e emissions,nil
2043,gCO2e emissions,nil
2044,gCO2e emissions,nil
2045,gCO2e emissions,nil
2046,gCO2e emissions,nil
2047,gCO2e emissions,nil
2048,gCO2e emissions,nil
2049,gCO2e emissions,nil
2050,gCO2e emissions,nil
2051,gCO2e emissions,nil
2052,gCO2e emissions,nil
2053,gCO2e emissions,nil
2054,gCO2e emissions,nil
2055,gCO2e emissions,nil
2056,gCO2e emissions,nil
2057,gCO2e emissions,nil
2058,gCO2e emissions,nil
2059,gCO2e emissions,nil
2060,gCO2e emissions,nil
2061,gCO2e emissions,nil
2062,gCO2e emissions,nil
2063,gCO2e emissions,nil
2064,gCO2e emissions,nil
2065,gCO2e emissions,nil
2066,gCO2e emissions,nil
2067,gCO2e emissions,nil
2068,gCO2e emissions,nil
2069,gCO2e emissions,nil
2070,gCO2e emissions,nil
2071,gCO2e emissions,nil
2072,gCO2e emissions,nil
2073,gCO2e emissions,nil
2074,gCO2e emissions,nil
2075,gCO2e emissions,nil
2076,gCO2e emissions,nil
2077,gCO2e emissions,nil
2078,gCO2e emissions,nil
2079,gCO2e emissions,nil
2080,gCO2e emissions,nil
2081,gCO2e emissions,nil
2082,gCO2e emissions,nil
2083,gCO2e emissions,nil
2084,gCO2e emissions,nil
2085,gCO2e emissions,nil
2086,gCO2e emissions,nil
2087,gCO2e emissions,nil
2088,gCO2e emissions,nil
2089,gCO2e emissions,nil
2090,gCO2e emissions,nil
2091,gCO2e emissions,nil
2092,gCO2e emissions,nil
2093,gCO2e emissions,nil
2094,gCO2e emissions,nil
2095,gCO2e emissions,nil
2096,gCO2e emissions,nil
2097,gCO2e emissions,nil
2098,gCO2e emissions,nil
2099,gCO2e emissions,nil
2100,gCO2e emissions,nil
2101,gCO2e emissions,nil
2102,gCO2e emissions,nil
2103,gCO2e emissions,nil
2104,gCO2e emissions,nil
2105,gCO2e emissions,nil
2106,gCO2e emissions,nil
2107,gCO2e emissions,nil
2108,gCO2e emissions,nil
2109,gCO2e emissions,nil
2110,gCO2e emissions,nil
2111,gCO2e emissions,nil
2112,gCO2e emissions,nil
2113,gCO2e emissions,nil
2114,gCO2e emissions,nil
2115,gCO2e emissions,nil
2116,gCO2e emissions,nil
2117,gCO2e emissions,nil
2118,gCO2e emissions,nil
2119,gCO2e emissions,nil
2120,gCO2e emissions,nil
2121,gCO2e emissions,nil
2122,gCO2e emissions,nil
2123,gCO2e emissions,nil
2124,gCO2e emissions,nil
2125,gCO2e emissions,nil
2126,gCO2e emissions,nil
2127,gCO2e emissions,nil
2128,gCO2e emissions,nil
2129,gCO2e emissions,nil
2130,gCO2e emissions,nil
2131,gCO2e emissions,nil
2132,gCO2e emissions,nil
2133,gCO2e emissions,nil
2134,gCO2e emissions,nil
2135,gCO2e emissions,nil
2136,gCO2e emissions,nil
2137,gCO2e emissions,nil
2138,gCO2e emissions,nil
2139,gCO2e emissions,nil
2140,gCO2e emissions,nil
2141,gCO2e emissions,nil
2142,gCO2e emissions,nil
2143,gCO2e emissions,nil
2144,gCO2e emissions,nil
2145,gCO2e emissions,nil
2146,gCO2e emissions,nil
2147,gCO2e emissions,nil
2148,gCO2e emissions,nil
2149,gCO2e emissions,nil
2150,gCO2e emissions,nil
2151,gCO2e emissions,nil
2152,gCO2e emissions,nil
2153,gCO2e emissions,nil
2154,gCO2e emissions,nil
2155,gCO2e emissions,nil
2156,gCO2e emissions,nil
2157,gCO2e emissions,nil
2158,gCO2e emissions,nil
2159,gCO2e emissions,nil
2160,gCO2e emissions,nil
2161,gCO2e emissions,nil
2162,gCO2e emissions,nil
2163,gCO2e emissions,nil
2164,gCO2e emissions,nil
2165,gCO2e emissions,nil
2166,gCO2e emissions,nil
2167,gCO2e emissions,nil
2168,gCO2e emissions,nil
2169,gCO2e emissions,nil
2170,gCO2e emissions,nil
2171,gCO2e emissions,nil
2172,gCO2e emissions,nil
2173,gCO2e emissions,nil
2174,gCO2e emissions,nil
2175,gCO2e emissions,nil
2176,gCO2e emissions,nil
2177,gCO2e emissions,nil
2178,gCO2e emissions,nil
2179,gCO2e emissions,nil
2180,gCO2e emissions,nil
2181,gCO2e emissions,nil
2182,gCO2e emissions,nil
2183,gCO2e emissions,nil
2184,gCO2e emissions,nil
2185,gCO2e emissions,nil
2186,gCO2e emissions,nil
2187,gCO2e emissions,nil
2188,gCO2e emissions,nil
2189,gCO2e emissions,nil
2190,gCO2e emissions,nil
2191,gCO2e emissions,nil
2192,gCO2e emissions,nil
2193,gCO2e emissions,nil
2194,gCO2e emissions,nil
2195,gCO2e emissions,nil
2196,gCO2e emissions,nil
2197,gCO2e emissions,nil
2198,gCO2e emissions,nil
2199,gCO2e emissions,nil
2200,gCO2e emissions,nil
2201,gCO2e emissions,nil
2202,gCO2e emissions,nil
2203,gCO2e emissions,nil
2204,gCO2e emissions,nil
2205,gCO2e emissions,nil
2206,gCO2e emissions,nil
2207,gCO2e emissions,nil
2208,gCO2e emissions,nil
2209,gCO2e emissions,nil
2210,gCO2e emissions,nil
2211,gCO2e emissions,nil
2212,gCO2e emissions,nil
2213,gCO2e emissions,nil
2214,gCO2e emissions,nil
2215,gCO2e emissions,nil
2216,gCO2e emissions,nil
2217,gCO2e emissions,nil
2218,gCO2e emissions,nil
2219,gCO2e emissions,nil
2220,gCO2e emissions,nil
2221,gCO2e emissions,nil
2222,gCO2e emissions,nil
2223,gCO2e emissions,nil
2224,gCO2e emissions,nil
2225,gCO2e emissions,nil
2226,gCO2e emissions,nil
2227,gCO2e emissions,nil
2228,gCO2e emissions,nil
2229,gCO2e emissions,nil
2230,gCO2e emissions,nil
2231,gCO2e emissions,nil
2232,gCO2e emissions,nil
2233,gCO2e emissions,nil
2234,gCO2e emissions,nil
2235,gCO2e emissions,nil
2236,gCO2e emissions,nil
2237,gCO2e emissions,nil
2238,gCO2e emissions,nil
2239,gCO2e emissions,nil
2240,gCO2e emissions,nil
2241,gCO2e emissions,nil
2242,gCO2e emissions,nil
2243,gCO2e emissions,nil
2244,gCO2e emissions,nil
2245,gCO2e emissions,nil
2246,gCO2e emissions,nil
2247,gCO2e emissions,nil
2248,gCO2e emissions,nil
2249,gCO2e emissions,nil
2250,gCO2e emissions,nil
2251,gCO2e emissions,nil
2252,gCO2e emissions,nil
2253,gCO2e emissions,nil
2254,gCO2e emissions,nil
2255,gCO2e emissions,nil
2256,gCO2e emissions,nil
2257,gCO2e emissions,nil
2258,gCO2e emissions,nil
2259,gCO2e emissions,nil
2260,gCO2e emissions,nil
2261,gCO2e emissions,nil
2262,gCO2e emissions,nil
2263,gCO2e emissions,nil
2264,gCO2e emissions,nil
2265,gCO2e emissions,nil
2266,gCO2e emissions,nil
2267,gCO2e emissions,nil
2268,gCO2e emissions,nil
2269,gCO2e emissions,nil
2270,gCO2e emissions,nil
2271,gCO2e emissions,nil
2272,gCO2e emissions,nil
2273,gCO2e emissions,nil
2274,gCO2e emissions,nil
2275,gCO2e emissions,nil
2276,gCO2e emissions,nil
2277,gCO2e emissions,nil
2278,gCO2e emissions,nil
2279,gCO2e emissions,nil
2280,gCO2e emissions,nil
2281,gCO2e emissions,nil
2282,gCO2e emissions,nil
2283,gCO2e emissions,nil
2284,gCO2e emissions,nil
2285,gCO2e emissions,nil
2286,gCO2e emissions,nil
2287,gCO2e emissions,nil
2288,gCO2e emissions,nil
2289,gCO2e emissions,nil
2290,gCO2e emissions,nil
2291,gCO2e emissions,nil
2292,gCO2e emissions,nil
2293,gCO2e emissions,nil
2294,gCO2e emissions,nil
2295,gCO2e emissions,nil
2296,gCO2e emissions,nil
2297,gCO2e emissions,nil
2298,gCO2e emissions,nil
2299,gCO2e emissions,nil
2300,gCO2e emissions,nil
2301,gCO2e emissions,nil
2302,gCO2e emissions,nil
2303,gCO2e emissions,nil
2304,gCO2e emissions,nil
2305,gCO2e emissions,nil
2306,gCO2e emissions,nil
2307,gCO2e emissions,nil
2308,gCO2e emissions,nil
2309,gCO2e emissions,nil
2310,gCO2e emissions,nil
2311,gCO2e emissions,nil
2312,gCO2e emissions,nil
2313,gCO2e emissions,nil
2314,gCO2e emissions,nil
2315,gCO2e emissions,nil
2316,gCO2e emissions,nil
2317,gCO2e emissions,nil
2318,gCO2e emissions,nil
2319,gCO2e emissions,nil
2320,gCO2e emissions,nil
2321,gCO2e emissions,nil
2322,gCO2e emissions,nil
2323,gCO2e emissions,nil
2324,gCO2e emissions,nil
2325,gCO2e emissions,nil
2326,gCO2e emissions,nil
2327,gCO2e emissions,nil
2328,gCO2e emissions,nil
2329,gCO2e emissions,nil
2330,gCO2e emissions,nil
2331,gCO2e emissions,nil
2332,gCO2e emissions,nil
2333,gCO2e emissions,nil
2334,gCO2e emissions,nil
2335,gCO2e emissions,nil
2336,gCO2e emissions,nil
2337,gCO2e emissions,nil
2338,gCO2e emissions,nil
2339,gCO2e emissions,nil
2340,gCO2e emissions,nil
