cycle,r,tick_resources_used_Tr
0,kWh energy,nil
1,kWh energy,nil
2,kWh energy,nil
3,kWh energy,nil
4,kWh energy,nil
5,kWh energy,nil
6,kWh energy,nil
7,kWh energy,nil
8,kWh energy,nil
9,kWh energy,nil
10,kWh energy,nil
11,kWh energy,nil
12,kWh energy,nil
13,kWh energy,nil
14,kWh energy,nil
15,kWh energy,nil
16,kWh energy,nil
17,kWh energy,nil
18,kWh energy,nil
19,kWh energy,nil
20,kWh energy,nil
21,kWh energy,nil
22,kWh energy,nil
23,kWh energy,nil
24,kWh energy,nil
25,kWh energy,nil
26,kWh energy,nil
27,kWh energy,nil
28,kWh energy,nil
29,kWh energy,nil
30,kWh energy,nil
31,kWh energy,nil
32,kWh energy,nil
33,kWh energy,nil
34,kWh energy,nil
35,kWh energy,nil
36,kWh energy,nil
37,kWh energy,nil
38,kWh energy,nil
39,kWh energy,nil
40,kWh energy,nil
41,kWh energy,nil
42,kWh energy,nil
43,kWh energy,nil
44,kWh energy,nil
45,kWh energy,nil
46,kWh energy,nil
47,kWh energy,nil
48,kWh energy,nil
49,kWh energy,nil
50,kWh energy,nil
51,kWh energy,nil
52,kWh energy,nil
53,kWh energy,nil
54,kWh energy,nil
55,kWh energy,nil
56,kWh energy,nil
57,kWh energy,nil
58,kWh energy,nil
59,kWh energy,nil
60,kWh energy,nil
61,kWh energy,nil
62,kWh energy,nil
63,kWh energy,nil
64,kWh energy,nil
65,kWh energy,nil
66,kWh energy,nil
67,kWh energy,nil
68,kWh energy,nil
69,kWh energy,nil
70,kWh energy,nil
71,kWh energy,nil
72,kWh energy,nil
73,kWh energy,nil
74,kWh energy,nil
75,kWh energy,nil
76,kWh energy,nil
77,kWh energy,nil
78,kWh energy,nil
79,kWh energy,nil
80,kWh energy,nil
81,kWh energy,nil
82,kWh energy,nil
83,kWh energy,nil
84,kWh energy,nil
85,kWh energy,nil
86,kWh energy,nil
87,kWh energy,nil
88,kWh energy,nil
89,kWh energy,nil
90,kWh energy,nil
91,kWh energy,nil
92,kWh energy,nil
93,kWh energy,nil
94,kWh energy,nil
95,kWh energy,nil
96,kWh energy,nil
97,kWh energy,nil
98,kWh energy,nil
99,kWh energy,nil
100,kWh energy,nil
101,kWh energy,nil
102,kWh energy,nil
103,kWh energy,nil
104,kWh energy,nil
105,kWh energy,nil
106,kWh energy,nil
107,kWh energy,nil
108,kWh energy,nil
109,kWh energy,nil
110,kWh energy,nil
111,kWh energy,nil
112,kWh energy,nil
113,kWh energy,nil
114,kWh energy,nil
115,kWh energy,nil
116,kWh energy,nil
117,kWh energy,nil
118,kWh energy,nil
119,kWh energy,nil
120,kWh energy,nil
121,kWh energy,nil
122,kWh energy,nil
123,kWh energy,nil
124,kWh energy,nil
125,kWh energy,nil
126,kWh energy,nil
127,kWh energy,nil
128,kWh energy,nil
129,kWh energy,nil
130,kWh energy,nil
131,kWh energy,nil
132,kWh energy,nil
133,kWh energy,nil
134,kWh energy,nil
135,kWh energy,nil
136,kWh energy,nil
137,kWh energy,nil
138,kWh energy,nil
139,kWh energy,nil
140,kWh energy,nil
141,kWh energy,nil
142,kWh energy,nil
143,kWh energy,nil
144,kWh energy,nil
145,kWh energy,nil
146,kWh energy,nil
147,kWh energy,nil
148,kWh energy,nil
149,kWh energy,nil
150,kWh energy,nil
151,kWh energy,nil
152,kWh energy,nil
153,kWh energy,nil
154,kWh energy,nil
155,kWh energy,nil
156,kWh energy,nil
157,kWh energy,nil
158,kWh energy,nil
159,kWh energy,nil
160,kWh energy,nil
161,kWh energy,nil
162,kWh energy,nil
163,kWh energy,nil
164,kWh energy,nil
165,kWh energy,nil
166,kWh energy,nil
167,kWh energy,nil
168,kWh energy,nil
169,kWh energy,nil
170,kWh energy,nil
171,kWh energy,nil
172,kWh energy,nil
173,kWh energy,nil
174,kWh energy,nil
175,kWh energy,nil
176,kWh energy,nil
177,kWh energy,nil
178,kWh energy,nil
179,kWh energy,nil
180,kWh energy,nil
181,kWh energy,nil
182,kWh energy,nil
183,kWh energy,nil
184,kWh energy,nil
185,kWh energy,nil
186,kWh energy,nil
187,kWh energy,nil
188,kWh energy,nil
189,kWh energy,nil
190,kWh energy,nil
191,kWh energy,nil
192,kWh energy,nil
193,kWh energy,nil
194,kWh energy,nil
195,kWh energy,nil
196,kWh energy,nil
197,kWh energy,nil
198,kWh energy,nil
199,kWh energy,nil
200,kWh energy,nil
201,kWh energy,nil
202,kWh energy,nil
203,kWh energy,nil
204,kWh energy,nil
205,kWh energy,nil
206,kWh energy,nil
207,kWh energy,nil
208,kWh energy,nil
209,kWh energy,nil
210,kWh energy,nil
211,kWh energy,nil
212,kWh energy,nil
213,kWh energy,nil
214,kWh energy,nil
215,kWh energy,nil
216,kWh energy,nil
217,kWh energy,nil
218,kWh energy,nil
219,kWh energy,nil
220,kWh energy,nil
221,kWh energy,nil
222,kWh energy,nil
223,kWh energy,nil
224,kWh energy,nil
225,kWh energy,nil
226,kWh energy,nil
227,kWh energy,nil
228,kWh energy,nil
229,kWh energy,nil
230,kWh energy,nil
231,kWh energy,nil
232,kWh energy,nil
233,kWh energy,nil
234,kWh energy,nil
235,kWh energy,nil
236,kWh energy,nil
237,kWh energy,nil
238,kWh energy,nil
239,kWh energy,nil
240,kWh energy,nil
241,kWh energy,nil
242,kWh energy,nil
243,kWh energy,nil
244,kWh energy,nil
245,kWh energy,nil
246,kWh energy,nil
247,kWh energy,nil
248,kWh energy,nil
249,kWh energy,nil
250,kWh energy,nil
251,kWh energy,nil
252,kWh energy,nil
253,kWh energy,nil
254,kWh energy,nil
255,kWh energy,nil
256,kWh energy,nil
257,kWh energy,nil
258,kWh energy,nil
259,kWh energy,nil
260,kWh energy,nil
261,kWh energy,nil
262,kWh energy,nil
263,kWh energy,nil
264,kWh energy,nil
265,kWh energy,nil
266,kWh energy,nil
267,kWh energy,nil
268,kWh energy,nil
269,kWh energy,nil
270,kWh energy,nil
271,kWh energy,nil
272,kWh energy,nil
273,kWh energy,nil
274,kWh energy,nil
275,kWh energy,nil
276,kWh energy,nil
277,kWh energy,nil
278,kWh energy,nil
279,kWh energy,nil
280,kWh energy,nil
281,kWh energy,nil
282,kWh energy,nil
283,kWh energy,nil
284,kWh energy,nil
285,kWh energy,nil
286,kWh energy,nil
287,kWh energy,nil
288,kWh energy,nil
289,kWh energy,nil
290,kWh energy,nil
291,kWh energy,nil
292,kWh energy,nil
293,kWh energy,nil
294,kWh energy,nil
295,kWh energy,nil
296,kWh energy,nil
297,kWh energy,nil
298,kWh energy,nil
299,kWh energy,nil
300,kWh energy,nil
301,kWh energy,nil
302,kWh energy,nil
303,kWh energy,nil
304,kWh energy,nil
305,kWh energy,nil
306,kWh energy,nil
307,kWh energy,nil
308,kWh energy,nil
309,kWh energy,nil
310,kWh energy,nil
311,kWh energy,nil
312,kWh energy,nil
313,kWh energy,nil
314,kWh energy,nil
315,kWh energy,nil
316,kWh energy,nil
317,kWh energy,nil
318,kWh energy,nil
319,kWh energy,nil
320,kWh energy,nil
321,kWh energy,nil
322,kWh energy,nil
323,kWh energy,nil
324,kWh energy,nil
325,kWh energy,nil
326,kWh energy,nil
327,kWh energy,nil
328,kWh energy,nil
329,kWh energy,nil
330,kWh energy,nil
331,kWh energy,nil
332,kWh energy,nil
333,kWh energy,nil
334,kWh energy,nil
335,kWh energy,nil
336,kWh energy,nil
337,kWh energy,nil
338,kWh energy,nil
339,kWh energy,nil
340,kWh energy,nil
341,kWh energy,nil
342,kWh energy,nil
343,kWh energy,nil
344,kWh energy,nil
345,kWh energy,nil
346,kWh energy,nil
347,kWh energy,nil
348,kWh energy,nil
349,kWh energy,nil
350,kWh energy,nil
351,kWh energy,nil
352,kWh energy,nil
353,kWh energy,nil
354,kWh energy,nil
355,kWh energy,nil
356,kWh energy,nil
357,kWh energy,nil
358,kWh energy,nil
359,kWh energy,nil
360,kWh energy,nil
361,kWh energy,nil
362,kWh energy,nil
363,kWh energy,nil
364,kWh energy,nil
365,kWh energy,nil
366,kWh energy,nil
367,kWh energy,nil
368,kWh energy,nil
369,kWh energy,nil
370,kWh energy,nil
371,kWh energy,nil
372,kWh energy,nil
373,kWh energy,nil
374,kWh energy,nil
375,kWh energy,nil
376,kWh energy,nil
377,kWh energy,nil
378,kWh energy,nil
379,kWh energy,nil
380,kWh energy,nil
381,kWh energy,nil
382,kWh energy,nil
383,kWh energy,nil
384,kWh energy,nil
385,kWh energy,nil
386,kWh energy,nil
387,kWh energy,nil
388,kWh energy,nil
389,kWh energy,nil
390,kWh energy,nil
391,kWh energy,nil
392,kWh energy,nil
393,kWh energy,nil
394,kWh energy,nil
395,kWh energy,nil
396,kWh energy,nil
397,kWh energy,nil
398,kWh energy,nil
399,kWh energy,nil
400,kWh energy,nil
401,kWh energy,nil
402,kWh energy,nil
403,kWh energy,nil
404,kWh energy,nil
405,kWh energy,nil
406,kWh energy,nil
407,kWh energy,nil
408,kWh energy,nil
409,kWh energy,nil
410,kWh energy,nil
411,kWh energy,nil
412,kWh energy,nil
413,kWh energy,nil
414,kWh energy,nil
415,kWh energy,nil
416,kWh energy,nil
417,kWh energy,nil
418,kWh energy,nil
419,kWh energy,nil
420,kWh energy,nil
421,kWh energy,nil
422,kWh energy,nil
423,kWh energy,nil
424,kWh energy,nil
425,kWh energy,nil
426,kWh energy,nil
427,kWh energy,nil
428,kWh energy,nil
429,kWh energy,nil
430,kWh energy,nil
431,kWh energy,nil
432,kWh energy,nil
433,kWh energy,nil
434,kWh energy,nil
435,kWh energy,nil
436,kWh energy,nil
437,kWh energy,nil
438,kWh energy,nil
439,kWh energy,nil
440,kWh energy,nil
441,kWh energy,nil
442,kWh energy,nil
443,kWh energy,nil
444,kWh energy,nil
445,kWh energy,nil
446,kWh energy,nil
447,kWh energy,nil
448,kWh energy,nil
449,kWh energy,nil
450,kWh energy,nil
451,kWh energy,nil
452,kWh energy,nil
453,kWh energy,nil
454,kWh energy,nil
455,kWh energy,nil
456,kWh energy,nil
457,kWh energy,nil
458,kWh energy,nil
459,kWh energy,nil
460,kWh energy,nil
461,kWh energy,nil
462,kWh energy,nil
463,kWh energy,nil
464,kWh energy,nil
465,kWh energy,nil
466,kWh energy,nil
467,kWh energy,nil
468,kWh energy,nil
469,kWh energy,nil
470,kWh energy,nil
471,kWh energy,nil
472,kWh energy,nil
473,kWh energy,nil
474,kWh energy,nil
475,kWh energy,nil
476,kWh energy,nil
477,kWh energy,nil
478,kWh energy,nil
479,kWh energy,nil
480,kWh energy,nil
481,kWh energy,nil
482,kWh energy,nil
483,kWh energy,nil
484,kWh energy,nil
485,kWh energy,nil
486,kWh energy,nil
487,kWh energy,nil
488,kWh energy,nil
489,kWh energy,nil
490,kWh energy,nil
491,kWh energy,nil
492,kWh energy,nil
493,kWh energy,nil
494,kWh energy,nil
495,kWh energy,nil
496,kWh energy,nil
497,kWh energy,nil
498,kWh energy,nil
499,kWh energy,nil
500,kWh energy,nil
501,kWh energy,nil
502,kWh energy,nil
503,kWh energy,nil
504,kWh energy,nil
505,kWh energy,nil
506,kWh energy,nil
507,kWh energy,nil
508,kWh energy,nil
509,kWh energy,nil
510,kWh energy,nil
511,kWh energy,nil
512,kWh energy,nil
513,kWh energy,nil
514,kWh energy,nil
515,kWh energy,nil
516,kWh energy,nil
517,kWh energy,nil
518,kWh energy,nil
519,kWh energy,nil
520,kWh energy,nil
521,kWh energy,nil
522,kWh energy,nil
523,kWh energy,nil
524,kWh energy,nil
525,kWh energy,nil
526,kWh energy,nil
527,kWh energy,nil
528,kWh energy,nil
529,kWh energy,nil
530,kWh energy,nil
531,kWh energy,nil
532,kWh energy,nil
533,kWh energy,nil
534,kWh energy,nil
535,kWh energy,nil
536,kWh energy,nil
537,kWh energy,nil
538,kWh energy,nil
539,kWh energy,nil
540,kWh energy,nil
541,kWh energy,nil
542,kWh energy,nil
543,kWh energy,nil
544,kWh energy,nil
545,kWh energy,nil
546,kWh energy,nil
547,kWh energy,nil
548,kWh energy,nil
549,kWh energy,nil
550,kWh energy,nil
551,kWh energy,nil
552,kWh energy,nil
553,kWh energy,nil
554,kWh energy,nil
555,kWh energy,nil
556,kWh energy,nil
557,kWh energy,nil
558,kWh energy,nil
559,kWh energy,nil
560,kWh energy,nil
561,kWh energy,nil
562,kWh energy,nil
563,kWh energy,nil
564,kWh energy,nil
565,kWh energy,nil
566,kWh energy,nil
567,kWh energy,nil
568,kWh energy,nil
569,kWh energy,nil
570,kWh energy,nil
571,kWh energy,nil
572,kWh energy,nil
573,kWh energy,nil
574,kWh energy,nil
575,kWh energy,nil
576,kWh energy,nil
577,kWh energy,nil
578,kWh energy,nil
579,kWh energy,nil
580,kWh energy,nil
581,kWh energy,nil
582,kWh energy,nil
583,kWh energy,nil
584,kWh energy,nil
585,kWh energy,nil
586,kWh energy,nil
587,kWh energy,nil
588,kWh energy,nil
589,kWh energy,nil
590,kWh energy,nil
591,kWh energy,nil
592,kWh energy,nil
593,kWh energy,nil
594,kWh energy,nil
595,kWh energy,nil
596,kWh energy,nil
597,kWh energy,nil
598,kWh energy,nil
599,kWh energy,nil
600,kWh energy,nil
601,kWh energy,nil
602,kWh energy,nil
603,kWh energy,nil
604,kWh energy,nil
605,kWh energy,nil
606,kWh energy,nil
607,kWh energy,nil
608,kWh energy,nil
609,kWh energy,nil
610,kWh energy,nil
611,kWh energy,nil
612,kWh energy,nil
613,kWh energy,nil
614,kWh energy,nil
615,kWh energy,nil
616,kWh energy,nil
617,kWh energy,nil
618,kWh energy,nil
619,kWh energy,nil
620,kWh energy,nil
621,kWh energy,nil
622,kWh energy,nil
623,kWh energy,nil
624,kWh energy,nil
625,kWh energy,nil
626,kWh energy,nil
627,kWh energy,nil
628,kWh energy,nil
629,kWh energy,nil
630,kWh energy,nil
631,kWh energy,nil
632,kWh energy,nil
633,kWh energy,nil
634,kWh energy,nil
635,kWh energy,nil
636,kWh energy,nil
637,kWh energy,nil
638,kWh energy,nil
639,kWh energy,nil
640,kWh energy,nil
641,kWh energy,nil
642,kWh energy,nil
643,kWh energy,nil
644,kWh energy,nil
645,kWh energy,nil
646,kWh energy,nil
647,kWh energy,nil
648,kWh energy,nil
649,kWh energy,nil
650,kWh energy,nil
651,kWh energy,nil
652,kWh energy,nil
653,kWh energy,nil
654,kWh energy,nil
655,kWh energy,nil
656,kWh energy,nil
657,kWh energy,nil
658,kWh energy,nil
659,kWh energy,nil
660,kWh energy,nil
661,kWh energy,nil
662,kWh energy,nil
663,kWh energy,nil
664,kWh energy,nil
665,kWh energy,nil
666,kWh energy,nil
667,kWh energy,nil
668,kWh energy,nil
669,kWh energy,nil
670,kWh energy,nil
671,kWh energy,nil
672,kWh energy,nil
673,kWh energy,nil
674,kWh energy,nil
675,kWh energy,nil
676,kWh energy,nil
677,kWh energy,nil
678,kWh energy,nil
679,kWh energy,nil
680,kWh energy,nil
681,kWh energy,nil
682,kWh energy,nil
683,kWh energy,nil
684,kWh energy,nil
685,kWh energy,nil
686,kWh energy,nil
687,kWh energy,nil
688,kWh energy,nil
689,kWh energy,nil
690,kWh energy,nil
691,kWh energy,nil
692,kWh energy,nil
693,kWh energy,nil
694,kWh energy,nil
695,kWh energy,nil
696,kWh energy,nil
697,kWh energy,nil
698,kWh energy,nil
699,kWh energy,nil
700,kWh energy,nil
701,kWh energy,nil
702,kWh energy,nil
703,kWh energy,nil
704,kWh energy,nil
705,kWh energy,nil
706,kWh energy,nil
707,kWh energy,nil
708,kWh energy,nil
709,kWh energy,nil
710,kWh energy,nil
711,kWh energy,nil
712,kWh energy,nil
713,kWh energy,nil
714,kWh energy,nil
715,kWh energy,nil
716,kWh energy,nil
717,kWh energy,nil
718,kWh energy,nil
719,kWh energy,nil
720,kWh energy,nil
721,kWh energy,nil
722,kWh energy,nil
723,kWh energy,nil
724,kWh energy,nil
725,kWh energy,nil
726,kWh energy,nil
727,kWh energy,nil
728,kWh energy,nil
729,kWh energy,nil
730,kWh energy,nil
731,kWh energy,nil
732,kWh energy,nil
733,kWh energy,nil
734,kWh energy,nil
735,kWh energy,nil
736,kWh energy,nil
737,kWh energy,nil
738,kWh energy,nil
739,kWh energy,nil
740,kWh energy,nil
741,kWh energy,nil
742,kWh energy,nil
743,kWh energy,nil
744,kWh energy,nil
745,kWh energy,nil
746,kWh energy,nil
747,kWh energy,nil
748,kWh energy,nil
749,kWh energy,nil
750,kWh energy,nil
751,kWh energy,nil
752,kWh energy,nil
753,kWh energy,nil
754,kWh energy,nil
755,kWh energy,nil
756,kWh energy,nil
757,kWh energy,nil
758,kWh energy,nil
759,kWh energy,nil
760,kWh energy,nil
761,kWh energy,nil
762,kWh energy,nil
763,kWh energy,nil
764,kWh energy,nil
765,kWh energy,nil
766,kWh energy,nil
767,kWh energy,nil
768,kWh energy,nil
769,kWh energy,nil
770,kWh energy,nil
771,kWh energy,nil
772,kWh energy,nil
773,kWh energy,nil
774,kWh energy,nil
775,kWh energy,nil
776,kWh energy,nil
777,kWh energy,nil
778,kWh energy,nil
779,kWh energy,nil
780,kWh energy,nil
781,kWh energy,nil
782,kWh energy,nil
783,kWh energy,nil
784,kWh energy,nil
785,kWh energy,nil
786,kWh energy,nil
787,kWh energy,nil
788,kWh energy,nil
789,kWh energy,nil
790,kWh energy,nil
791,kWh energy,nil
792,kWh energy,nil
793,kWh energy,nil
794,kWh energy,nil
795,kWh energy,nil
796,kWh energy,nil
797,kWh energy,nil
798,kWh energy,nil
799,kWh energy,nil
800,kWh energy,nil
801,kWh energy,nil
802,kWh energy,nil
803,kWh energy,nil
804,kWh energy,nil
805,kWh energy,nil
806,kWh energy,nil
807,kWh energy,nil
808,kWh energy,nil
809,kWh energy,nil
810,kWh energy,nil
811,kWh energy,nil
812,kWh energy,nil
813,kWh energy,nil
814,kWh energy,nil
815,kWh energy,nil
816,kWh energy,nil
817,kWh energy,nil
818,kWh energy,nil
819,kWh energy,nil
820,kWh energy,nil
821,kWh energy,nil
822,kWh energy,nil
823,kWh energy,nil
824,kWh energy,nil
825,kWh energy,nil
826,kWh energy,nil
827,kWh energy,nil
828,kWh energy,nil
829,kWh energy,nil
830,kWh energy,nil
831,kWh energy,nil
832,kWh energy,nil
833,kWh energy,nil
834,kWh energy,nil
835,kWh energy,nil
836,kWh energy,nil
837,kWh energy,nil
838,kWh energy,nil
839,kWh energy,nil
840,kWh energy,nil
841,kWh energy,nil
842,kWh energy,nil
843,kWh energy,nil
844,kWh energy,nil
845,kWh energy,nil
846,kWh energy,nil
847,kWh energy,nil
848,kWh energy,nil
849,kWh energy,nil
850,kWh energy,nil
851,kWh energy,nil
852,kWh energy,nil
853,kWh energy,nil
854,kWh energy,nil
855,kWh energy,nil
856,kWh energy,nil
857,kWh energy,nil
858,kWh energy,nil
859,kWh energy,nil
860,kWh energy,nil
861,kWh energy,nil
862,kWh energy,nil
863,kWh energy,nil
864,kWh energy,nil
865,kWh energy,nil
866,kWh energy,nil
867,kWh energy,nil
868,kWh energy,nil
869,kWh energy,nil
870,kWh energy,nil
871,kWh energy,nil
872,kWh energy,nil
873,kWh energy,nil
874,kWh energy,nil
875,kWh energy,nil
876,kWh energy,nil
877,kWh energy,nil
878,kWh energy,nil
879,kWh energy,nil
880,kWh energy,nil
881,kWh energy,nil
882,kWh energy,nil
883,kWh energy,nil
884,kWh energy,nil
885,kWh energy,nil
886,kWh energy,nil
887,kWh energy,nil
888,kWh energy,nil
889,kWh energy,nil
890,kWh energy,nil
891,kWh energy,nil
892,kWh energy,nil
893,kWh energy,nil
894,kWh energy,nil
895,kWh energy,nil
896,kWh energy,nil
897,kWh energy,nil
898,kWh energy,nil
899,kWh energy,nil
900,kWh energy,nil
901,kWh energy,nil
902,kWh energy,nil
903,kWh energy,nil
904,kWh energy,nil
905,kWh energy,nil
906,kWh energy,nil
907,kWh energy,nil
908,kWh energy,nil
909,kWh energy,nil
910,kWh energy,nil
911,kWh energy,nil
912,kWh energy,nil
913,kWh energy,nil
914,kWh energy,nil
915,kWh energy,nil
916,kWh energy,nil
917,kWh energy,nil
918,kWh energy,nil
919,kWh energy,nil
920,kWh energy,nil
921,kWh energy,nil
922,kWh energy,nil
923,kWh energy,nil
924,kWh energy,nil
925,kWh energy,nil
926,kWh energy,nil
927,kWh energy,nil
928,kWh energy,nil
929,kWh energy,nil
930,kWh energy,nil
931,kWh energy,nil
932,kWh energy,nil
933,kWh energy,nil
934,kWh energy,nil
935,kWh energy,nil
936,kWh energy,nil
937,kWh energy,nil
938,kWh energy,nil
939,kWh energy,nil
940,kWh energy,nil
941,kWh energy,nil
942,kWh energy,nil
943,kWh energy,nil
944,kWh energy,nil
945,kWh energy,nil
946,kWh energy,nil
947,kWh energy,nil
948,kWh energy,nil
949,kWh energy,nil
950,kWh energy,nil
951,kWh energy,nil
952,kWh energy,nil
953,kWh energy,nil
954,kWh energy,nil
955,kWh energy,nil
956,kWh energy,nil
957,kWh energy,nil
958,kWh energy,nil
959,kWh energy,nil
960,kWh energy,nil
961,kWh energy,nil
962,kWh energy,nil
963,kWh energy,nil
964,kWh energy,nil
965,kWh energy,nil
966,kWh energy,nil
967,kWh energy,nil
968,kWh energy,nil
969,kWh energy,nil
970,kWh energy,nil
971,kWh energy,nil
972,kWh energy,nil
973,kWh energy,nil
974,kWh energy,nil
975,kWh energy,nil
976,kWh energy,nil
977,kWh energy,nil
978,kWh energy,nil
979,kWh energy,nil
980,kWh energy,nil
981,kWh energy,nil
982,kWh energy,nil
983,kWh energy,nil
984,kWh energy,nil
985,kWh energy,nil
986,kWh energy,nil
987,kWh energy,nil
988,kWh energy,nil
989,kWh energy,nil
990,kWh energy,nil
991,kWh energy,nil
992,kWh energy,nil
993,kWh energy,nil
994,kWh energy,nil
995,kWh energy,nil
996,kWh energy,nil
997,kWh energy,nil
998,kWh energy,nil
999,kWh energy,nil
1000,kWh energy,nil
1001,kWh energy,nil
1002,kWh energy,nil
1003,kWh energy,nil
1004,kWh energy,nil
1005,kWh energy,nil
1006,kWh energy,nil
1007,kWh energy,nil
1008,kWh energy,nil
1009,kWh energy,nil
1010,kWh energy,nil
1011,kWh energy,nil
1012,kWh energy,nil
1013,kWh energy,nil
1014,kWh energy,nil
1015,kWh energy,nil
1016,kWh energy,nil
1017,kWh energy,nil
1018,kWh energy,nil
1019,kWh energy,nil
1020,kWh energy,nil
1021,kWh energy,nil
1022,kWh energy,nil
1023,kWh energy,nil
1024,kWh energy,nil
1025,kWh energy,nil
1026,kWh energy,nil
1027,kWh energy,nil
1028,kWh energy,nil
1029,kWh energy,nil
1030,kWh energy,nil
1031,kWh energy,nil
1032,kWh energy,nil
1033,kWh energy,nil
1034,kWh energy,nil
1035,kWh energy,nil
1036,kWh energy,nil
1037,kWh energy,nil
1038,kWh energy,nil
1039,kWh energy,nil
1040,kWh energy,nil
1041,kWh energy,nil
1042,kWh energy,nil
1043,kWh energy,nil
1044,kWh energy,nil
1045,kWh energy,nil
1046,kWh energy,nil
1047,kWh energy,nil
1048,kWh energy,nil
1049,kWh energy,nil
1050,kWh energy,nil
1051,kWh energy,nil
1052,kWh energy,nil
1053,kWh energy,nil
1054,kWh energy,nil
1055,kWh energy,nil
1056,kWh energy,nil
1057,kWh energy,nil
1058,kWh energy,nil
1059,kWh energy,nil
1060,kWh energy,nil
1061,kWh energy,nil
1062,kWh energy,nil
1063,kWh energy,nil
1064,kWh energy,nil
1065,kWh energy,nil
1066,kWh energy,nil
1067,kWh energy,nil
1068,kWh energy,nil
1069,kWh energy,nil
1070,kWh energy,nil
1071,kWh energy,nil
1072,kWh energy,nil
1073,kWh energy,nil
1074,kWh energy,nil
1075,kWh energy,nil
1076,kWh energy,nil
1077,kWh energy,nil
1078,kWh energy,nil
1079,kWh energy,nil
1080,kWh energy,nil
1081,kWh energy,nil
1082,kWh energy,nil
1083,kWh energy,nil
1084,kWh energy,nil
1085,kWh energy,nil
1086,kWh energy,nil
1087,kWh energy,nil
1088,kWh energy,nil
1089,kWh energy,nil
1090,kWh energy,nil
1091,kWh energy,nil
1092,kWh energy,nil
1093,kWh energy,nil
1094,kWh energy,nil
1095,kWh energy,nil
1096,kWh energy,nil
1097,kWh energy,nil
1098,kWh energy,nil
1099,kWh energy,nil
1100,kWh energy,nil
1101,kWh energy,nil
1102,kWh energy,nil
1103,kWh energy,nil
1104,kWh energy,nil
1105,kWh energy,nil
1106,kWh energy,nil
1107,kWh energy,nil
1108,kWh energy,nil
1109,kWh energy,nil
1110,kWh energy,nil
1111,kWh energy,nil
1112,kWh energy,nil
1113,kWh energy,nil
1114,kWh energy,nil
1115,kWh energy,nil
1116,kWh energy,nil
1117,kWh energy,nil
1118,kWh energy,nil
1119,kWh energy,nil
1120,kWh energy,nil
1121,kWh energy,nil
1122,kWh energy,nil
1123,kWh energy,nil
1124,kWh energy,nil
1125,kWh energy,nil
1126,kWh energy,nil
1127,kWh energy,nil
1128,kWh energy,nil
1129,kWh energy,nil
1130,kWh energy,nil
1131,kWh energy,nil
1132,kWh energy,nil
1133,kWh energy,nil
1134,kWh energy,nil
1135,kWh energy,nil
1136,kWh energy,nil
1137,kWh energy,nil
1138,kWh energy,nil
1139,kWh energy,nil
1140,kWh energy,nil
1141,kWh energy,nil
1142,kWh energy,nil
1143,kWh energy,nil
1144,kWh energy,nil
1145,kWh energy,nil
1146,kWh energy,nil
1147,kWh energy,nil
1148,kWh energy,nil
1149,kWh energy,nil
1150,kWh energy,nil
1151,kWh energy,nil
1152,kWh energy,nil
1153,kWh energy,nil
1154,kWh energy,nil
1155,kWh energy,nil
1156,kWh energy,nil
1157,kWh energy,nil
1158,kWh energy,nil
1159,kWh energy,nil
1160,kWh energy,nil
1161,kWh energy,nil
1162,kWh energy,nil
1163,kWh energy,nil
1164,kWh energy,nil
1165,kWh energy,nil
1166,kWh energy,nil
1167,kWh energy,nil
1168,kWh energy,nil
1169,kWh energy,nil
1170,kWh energy,nil
1171,kWh energy,nil
1172,kWh energy,nil
1173,kWh energy,nil
1174,kWh energy,nil
1175,kWh energy,nil
1176,kWh energy,nil
1177,kWh energy,nil
1178,kWh energy,nil
1179,kWh energy,nil
1180,kWh energy,nil
1181,kWh energy,nil
1182,kWh energy,nil
1183,kWh energy,nil
1184,kWh energy,nil
1185,kWh energy,nil
1186,kWh energy,nil
1187,kWh energy,nil
1188,kWh energy,nil
1189,kWh energy,nil
1190,kWh energy,nil
1191,kWh energy,nil
1192,kWh energy,nil
1193,kWh energy,nil
1194,kWh energy,nil
1195,kWh energy,nil
1196,kWh energy,nil
1197,kWh energy,nil
1198,kWh energy,nil
1199,kWh energy,nil
1200,kWh energy,nil
1201,kWh energy,nil
1202,kWh energy,nil
1203,kWh energy,nil
1204,kWh energy,nil
1205,kWh energy,nil
1206,kWh energy,nil
1207,kWh energy,nil
1208,kWh energy,nil
1209,kWh energy,nil
1210,kWh energy,nil
1211,kWh energy,nil
1212,kWh energy,nil
1213,kWh energy,nil
1214,kWh energy,nil
1215,kWh energy,nil
1216,kWh energy,nil
1217,kWh energy,nil
1218,kWh energy,nil
1219,kWh energy,nil
1220,kWh energy,nil
1221,kWh energy,nil
1222,kWh energy,nil
1223,kWh energy,nil
1224,kWh energy,nil
1225,kWh energy,nil
1226,kWh energy,nil
1227,kWh energy,nil
1228,kWh energy,nil
1229,kWh energy,nil
1230,kWh energy,nil
1231,kWh energy,nil
1232,kWh energy,nil
1233,kWh energy,nil
1234,kWh energy,nil
1235,kWh energy,nil
1236,kWh energy,nil
1237,kWh energy,nil
1238,kWh energy,nil
1239,kWh energy,nil
1240,kWh energy,nil
1241,kWh energy,nil
1242,kWh energy,nil
1243,kWh energy,nil
1244,kWh energy,nil
1245,kWh energy,nil
1246,kWh energy,nil
1247,kWh energy,nil
1248,kWh energy,nil
1249,kWh energy,nil
1250,kWh energy,nil
1251,kWh energy,nil
1252,kWh energy,nil
1253,kWh energy,nil
1254,kWh energy,nil
1255,kWh energy,nil
1256,kWh energy,nil
1257,kWh energy,nil
1258,kWh energy,nil
1259,kWh energy,nil
1260,kWh energy,nil
1261,kWh energy,nil
1262,kWh energy,nil
1263,kWh energy,nil
1264,kWh energy,nil
1265,kWh energy,nil
1266,kWh energy,nil
1267,kWh energy,nil
1268,kWh energy,nil
1269,kWh energy,nil
1270,kWh energy,nil
1271,kWh energy,nil
1272,kWh energy,nil
1273,kWh energy,nil
1274,kWh energy,nil
1275,kWh energy,nil
1276,kWh energy,nil
1277,kWh energy,nil
1278,kWh energy,nil
1279,kWh energy,nil
1280,kWh energy,nil
1281,kWh energy,nil
1282,kWh energy,nil
1283,kWh energy,nil
1284,kWh energy,nil
1285,kWh energy,nil
1286,kWh energy,nil
1287,kWh energy,nil
1288,kWh energy,nil
1289,kWh energy,nil
1290,kWh energy,nil
1291,kWh energy,nil
1292,kWh energy,nil
1293,kWh energy,nil
1294,kWh energy,nil
1295,kWh energy,nil
1296,kWh energy,nil
1297,kWh energy,nil
1298,kWh energy,nil
1299,kWh energy,nil
1300,kWh energy,nil
1301,kWh energy,nil
1302,kWh energy,nil
1303,kWh energy,nil
1304,kWh energy,nil
1305,kWh energy,nil
1306,kWh energy,nil
1307,kWh energy,nil
1308,kWh energy,nil
1309,kWh energy,nil
1310,kWh energy,nil
1311,kWh energy,nil
1312,kWh energy,nil
1313,kWh energy,nil
1314,kWh energy,nil
1315,kWh energy,nil
1316,kWh energy,nil
1317,kWh energy,nil
1318,kWh energy,nil
1319,kWh energy,nil
1320,kWh energy,nil
1321,kWh energy,nil
1322,kWh energy,nil
1323,kWh energy,nil
1324,kWh energy,nil
1325,kWh energy,nil
1326,kWh energy,nil
1327,kWh energy,nil
1328,kWh energy,nil
1329,kWh energy,nil
1330,kWh energy,nil
1331,kWh energy,nil
1332,kWh energy,nil
1333,kWh energy,nil
1334,kWh energy,nil
1335,kWh energy,nil
1336,kWh energy,nil
1337,kWh energy,nil
1338,kWh energy,nil
1339,kWh energy,nil
1340,kWh energy,nil
1341,kWh energy,nil
1342,kWh energy,nil
1343,kWh energy,nil
1344,kWh energy,nil
1345,kWh energy,nil
1346,kWh energy,nil
1347,kWh energy,nil
1348,kWh energy,nil
1349,kWh energy,nil
1350,kWh energy,nil
1351,kWh energy,nil
1352,kWh energy,nil
1353,kWh energy,nil
1354,kWh energy,nil
1355,kWh energy,nil
1356,kWh energy,nil
1357,kWh energy,nil
1358,kWh energy,nil
1359,kWh energy,nil
1360,kWh energy,nil
1361,kWh energy,nil
1362,kWh energy,nil
1363,kWh energy,nil
1364,kWh energy,nil
1365,kWh energy,nil
1366,kWh energy,nil
1367,kWh energy,nil
1368,kWh energy,nil
1369,kWh energy,nil
1370,kWh energy,nil
1371,kWh energy,nil
1372,kWh energy,nil
1373,kWh energy,nil
1374,kWh energy,nil
1375,kWh energy,nil
1376,kWh energy,nil
1377,kWh energy,nil
1378,kWh energy,nil
1379,kWh energy,nil
1380,kWh energy,nil
1381,kWh energy,nil
1382,kWh energy,nil
1383,kWh energy,nil
1384,kWh energy,nil
1385,kWh energy,nil
1386,kWh energy,nil
1387,kWh energy,nil
1388,kWh energy,nil
1389,kWh energy,nil
1390,kWh energy,nil
1391,kWh energy,nil
1392,kWh energy,nil
1393,kWh energy,nil
1394,kWh energy,nil
1395,kWh energy,nil
1396,kWh energy,nil
1397,kWh energy,nil
1398,kWh energy,nil
1399,kWh energy,nil
1400,kWh energy,nil
1401,kWh energy,nil
1402,kWh energy,nil
1403,kWh energy,nil
1404,kWh energy,nil
1405,kWh energy,nil
1406,kWh energy,nil
1407,kWh energy,nil
1408,kWh energy,nil
1409,kWh energy,nil
1410,kWh energy,nil
1411,kWh energy,nil
1412,kWh energy,nil
1413,kWh energy,nil
1414,kWh energy,nil
1415,kWh energy,nil
1416,kWh energy,nil
1417,kWh energy,nil
1418,kWh energy,nil
1419,kWh energy,nil
1420,kWh energy,nil
1421,kWh energy,nil
1422,kWh energy,nil
1423,kWh energy,nil
1424,kWh energy,nil
1425,kWh energy,nil
1426,kWh energy,nil
1427,kWh energy,nil
1428,kWh energy,nil
1429,kWh energy,nil
1430,kWh energy,nil
1431,kWh energy,nil
1432,kWh energy,nil
1433,kWh energy,nil
1434,kWh energy,nil
1435,kWh energy,nil
1436,kWh energy,nil
1437,kWh energy,nil
1438,kWh energy,nil
1439,kWh energy,nil
1440,kWh energy,nil
1441,kWh energy,nil
1442,kWh energy,nil
1443,kWh energy,nil
1444,kWh energy,nil
1445,kWh energy,nil
1446,kWh energy,nil
1447,kWh energy,nil
1448,kWh energy,nil
1449,kWh energy,nil
1450,kWh energy,nil
1451,kWh energy,nil
1452,kWh energy,nil
1453,kWh energy,nil
1454,kWh energy,nil
1455,kWh energy,nil
1456,kWh energy,nil
1457,kWh energy,nil
1458,kWh energy,nil
1459,kWh energy,nil
1460,kWh energy,nil
1461,kWh energy,nil
1462,kWh energy,nil
1463,kWh energy,nil
1464,kWh energy,nil
1465,kWh energy,nil
1466,kWh energy,nil
1467,kWh energy,nil
1468,kWh energy,nil
1469,kWh energy,nil
1470,kWh energy,nil
1471,kWh energy,nil
1472,kWh energy,nil
1473,kWh energy,nil
1474,kWh energy,nil
1475,kWh energy,nil
1476,kWh energy,nil
1477,kWh energy,nil
1478,kWh energy,nil
1479,kWh energy,nil
1480,kWh energy,nil
1481,kWh energy,nil
1482,kWh energy,nil
1483,kWh energy,nil
1484,kWh energy,nil
1485,kWh energy,nil
1486,kWh energy,nil
1487,kWh energy,nil
1488,kWh energy,nil
1489,kWh energy,nil
1490,kWh energy,nil
1491,kWh energy,nil
1492,kWh energy,nil
1493,kWh energy,nil
1494,kWh energy,nil
1495,kWh energy,nil
1496,kWh energy,nil
1497,kWh energy,nil
1498,kWh energy,nil
1499,kWh energy,nil
1500,kWh energy,nil
1501,kWh energy,nil
1502,kWh energy,nil
1503,kWh energy,nil
1504,kWh energy,nil
1505,kWh energy,nil
1506,kWh energy,nil
1507,kWh energy,nil
1508,kWh energy,nil
1509,kWh energy,nil
1510,kWh energy,nil
1511,kWh energy,nil
1512,kWh energy,nil
1513,kWh energy,nil
1514,kWh energy,nil
1515,kWh energy,nil
1516,kWh energy,nil
1517,kWh energy,nil
1518,kWh energy,nil
1519,kWh energy,nil
1520,kWh energy,nil
1521,kWh energy,nil
1522,kWh energy,nil
1523,kWh energy,nil
1524,kWh energy,nil
1525,kWh energy,nil
1526,kWh energy,nil
1527,kWh energy,nil
1528,kWh energy,nil
1529,kWh energy,nil
1530,kWh energy,nil
1531,kWh energy,nil
1532,kWh energy,nil
1533,kWh energy,nil
1534,kWh energy,nil
1535,kWh energy,nil
1536,kWh energy,nil
1537,kWh energy,nil
1538,kWh energy,nil
1539,kWh energy,nil
1540,kWh energy,nil
1541,kWh energy,nil
1542,kWh energy,nil
1543,kWh energy,nil
1544,kWh energy,nil
1545,kWh energy,nil
1546,kWh energy,nil
1547,kWh energy,nil
1548,kWh energy,nil
1549,kWh energy,nil
1550,kWh energy,nil
1551,kWh energy,nil
1552,kWh energy,nil
1553,kWh energy,nil
1554,kWh energy,nil
1555,kWh energy,nil
1556,kWh energy,nil
1557,kWh energy,nil
1558,kWh energy,nil
1559,kWh energy,nil
1560,kWh energy,nil
1561,kWh energy,nil
1562,kWh energy,nil
1563,kWh energy,nil
1564,kWh energy,nil
1565,kWh energy,nil
1566,kWh energy,nil
1567,kWh energy,nil
1568,kWh energy,nil
1569,kWh energy,nil
1570,kWh energy,nil
1571,kWh energy,nil
1572,kWh energy,nil
1573,kWh energy,nil
1574,kWh energy,nil
1575,kWh energy,nil
1576,kWh energy,nil
1577,kWh energy,nil
1578,kWh energy,nil
1579,kWh energy,nil
1580,kWh energy,nil
1581,kWh energy,nil
1582,kWh energy,nil
1583,kWh energy,nil
1584,kWh energy,nil
1585,kWh energy,nil
1586,kWh energy,nil
1587,kWh energy,nil
1588,kWh energy,nil
1589,kWh energy,nil
1590,kWh energy,nil
1591,kWh energy,nil
1592,kWh energy,nil
1593,kWh energy,nil
1594,kWh energy,nil
1595,kWh energy,nil
1596,kWh energy,nil
1597,kWh energy,nil
1598,kWh energy,nil
1599,kWh energy,nil
1600,kWh energy,nil
1601,kWh energy,nil
1602,kWh energy,nil
1603,kWh energy,nil
1604,kWh energy,nil
1605,kWh energy,nil
1606,kWh energy,nil
1607,kWh energy,nil
1608,kWh energy,nil
1609,kWh energy,nil
1610,kWh energy,nil
1611,kWh energy,nil
1612,kWh energy,nil
1613,kWh energy,nil
1614,kWh energy,nil
1615,kWh energy,nil
1616,kWh energy,nil
1617,kWh energy,nil
1618,kWh energy,nil
1619,kWh energy,nil
1620,kWh energy,nil
1621,kWh energy,nil
1622,kWh energy,nil
1623,kWh energy,nil
1624,kWh energy,nil
1625,kWh energy,nil
1626,kWh energy,nil
1627,kWh energy,nil
1628,kWh energy,nil
1629,kWh energy,nil
1630,kWh energy,nil
1631,kWh energy,nil
1632,kWh energy,nil
1633,kWh energy,nil
1634,kWh energy,nil
1635,kWh energy,nil
1636,kWh energy,nil
1637,kWh energy,nil
1638,kWh energy,nil
1639,kWh energy,nil
1640,kWh energy,nil
1641,kWh energy,nil
1642,kWh energy,nil
1643,kWh energy,nil
1644,kWh energy,nil
1645,kWh energy,nil
1646,kWh energy,nil
1647,kWh energy,nil
1648,kWh energy,nil
1649,kWh energy,nil
1650,kWh energy,nil
1651,kWh energy,nil
1652,kWh energy,nil
1653,kWh energy,nil
1654,kWh energy,nil
1655,kWh energy,nil
1656,kWh energy,nil
1657,kWh energy,nil
1658,kWh energy,nil
1659,kWh energy,nil
1660,kWh energy,nil
1661,kWh energy,nil
1662,kWh energy,nil
1663,kWh energy,nil
1664,kWh energy,nil
1665,kWh energy,nil
1666,kWh energy,nil
1667,kWh energy,nil
1668,kWh energy,nil
1669,kWh energy,nil
1670,kWh energy,nil
1671,kWh energy,nil
1672,kWh energy,nil
1673,kWh energy,nil
1674,kWh energy,nil
1675,kWh energy,nil
1676,kWh energy,nil
1677,kWh energy,nil
1678,kWh energy,nil
1679,kWh energy,nil
1680,kWh energy,nil
1681,kWh energy,nil
1682,kWh energy,nil
1683,kWh energy,nil
1684,kWh energy,nil
1685,kWh energy,nil
1686,kWh energy,nil
1687,kWh energy,nil
1688,kWh energy,nil
1689,kWh energy,nil
1690,kWh energy,nil
1691,kWh energy,nil
1692,kWh energy,nil
1693,kWh energy,nil
1694,kWh energy,nil
1695,kWh energy,nil
1696,kWh energy,nil
1697,kWh energy,nil
1698,kWh energy,nil
1699,kWh energy,nil
1700,kWh energy,nil
1701,kWh energy,nil
1702,kWh energy,nil
1703,kWh energy,nil
1704,kWh energy,nil
1705,kWh energy,nil
1706,kWh energy,nil
1707,kWh energy,nil
1708,kWh energy,nil
1709,kWh energy,nil
1710,kWh energy,nil
1711,kWh energy,nil
1712,kWh energy,nil
1713,kWh energy,nil
1714,kWh energy,nil
1715,kWh energy,nil
1716,kWh energy,nil
1717,kWh energy,nil
1718,kWh energy,nil
1719,kWh energy,nil
1720,kWh energy,nil
1721,kWh energy,nil
1722,kWh energy,nil
1723,kWh energy,nil
1724,kWh energy,nil
1725,kWh energy,nil
1726,kWh energy,nil
1727,kWh energy,nil
1728,kWh energy,nil
1729,kWh energy,nil
1730,kWh energy,nil
1731,kWh energy,nil
1732,kWh energy,nil
1733,kWh energy,nil
1734,kWh energy,nil
1735,kWh energy,nil
1736,kWh energy,nil
1737,kWh energy,nil
1738,kWh energy,nil
1739,kWh energy,nil
1740,kWh energy,nil
1741,kWh energy,nil
1742,kWh energy,nil
1743,kWh energy,nil
1744,kWh energy,nil
1745,kWh energy,nil
1746,kWh energy,nil
1747,kWh energy,nil
1748,kWh energy,nil
1749,kWh energy,nil
1750,kWh energy,nil
1751,kWh energy,nil
1752,kWh energy,nil
1753,kWh energy,nil
1754,kWh energy,nil
1755,kWh energy,nil
1756,kWh energy,nil
1757,kWh energy,nil
1758,kWh energy,nil
1759,kWh energy,nil
1760,kWh energy,nil
1761,kWh energy,nil
1762,kWh energy,nil
1763,kWh energy,nil
1764,kWh energy,nil
1765,kWh energy,nil
1766,kWh energy,nil
1767,kWh energy,nil
1768,kWh energy,nil
1769,kWh energy,nil
1770,kWh energy,nil
1771,kWh energy,nil
1772,kWh energy,nil
1773,kWh energy,nil
1774,kWh energy,nil
1775,kWh energy,nil
1776,kWh energy,nil
1777,kWh energy,nil
1778,kWh energy,nil
1779,kWh energy,nil
1780,kWh energy,nil
1781,kWh energy,nil
1782,kWh energy,nil
1783,kWh energy,nil
1784,kWh energy,nil
1785,kWh energy,nil
1786,kWh energy,nil
1787,kWh energy,nil
1788,kWh energy,nil
1789,kWh energy,nil
1790,kWh energy,nil
1791,kWh energy,nil
1792,kWh energy,nil
1793,kWh energy,nil
1794,kWh energy,nil
1795,kWh energy,nil
1796,kWh energy,nil
1797,kWh energy,nil
1798,kWh energy,nil
1799,kWh energy,nil
1800,kWh energy,nil
1801,kWh energy,nil
1802,kWh energy,nil
1803,kWh energy,nil
1804,kWh energy,nil
1805,kWh energy,nil
1806,kWh energy,nil
1807,kWh energy,nil
1808,kWh energy,nil
1809,kWh energy,nil
1810,kWh energy,nil
1811,kWh energy,nil
1812,kWh energy,nil
1813,kWh energy,nil
1814,kWh energy,nil
1815,kWh energy,nil
1816,kWh energy,nil
1817,kWh energy,nil
1818,kWh energy,nil
1819,kWh energy,nil
1820,kWh energy,nil
1821,kWh energy,nil
1822,kWh energy,nil
1823,kWh energy,nil
1824,kWh energy,nil
1825,kWh energy,nil
1826,kWh energy,nil
1827,kWh energy,nil
1828,kWh energy,nil
1829,kWh energy,nil
1830,kWh energy,nil
1831,kWh energy,nil
1832,kWh energy,nil
1833,kWh energy,nil
1834,kWh energy,nil
1835,kWh energy,nil
1836,kWh energy,nil
1837,kWh energy,nil
1838,kWh energy,nil
1839,kWh energy,nil
1840,kWh energy,nil
1841,kWh energy,nil
1842,kWh energy,nil
1843,kWh energy,nil
1844,kWh energy,nil
1845,kWh energy,nil
1846,kWh energy,nil
1847,kWh energy,nil
1848,kWh energy,nil
1849,kWh energy,nil
1850,kWh energy,nil
1851,kWh energy,nil
1852,kWh energy,nil
1853,kWh energy,nil
1854,kWh energy,nil
1855,kWh energy,nil
1856,kWh energy,nil
1857,kWh energy,nil
1858,kWh energy,nil
1859,kWh energy,nil
1860,kWh energy,nil
1861,kWh energy,nil
1862,kWh energy,nil
1863,kWh energy,nil
1864,kWh energy,nil
1865,kWh energy,nil
1866,kWh energy,nil
1867,kWh energy,nil
1868,kWh energy,nil
1869,kWh energy,nil
1870,kWh energy,nil
1871,kWh energy,nil
1872,kWh energy,nil
1873,kWh energy,nil
1874,kWh energy,nil
1875,kWh energy,nil
1876,kWh energy,nil
1877,kWh energy,nil
1878,kWh energy,nil
1879,kWh energy,nil
1880,kWh energy,nil
1881,kWh energy,nil
1882,kWh energy,nil
1883,kWh energy,nil
1884,kWh energy,nil
1885,kWh energy,nil
1886,kWh energy,nil
1887,kWh energy,nil
1888,kWh energy,nil
1889,kWh energy,nil
1890,kWh energy,nil
1891,kWh energy,nil
1892,kWh energy,nil
1893,kWh energy,nil
1894,kWh energy,nil
1895,kWh energy,nil
1896,kWh energy,nil
1897,kWh energy,nil
1898,kWh energy,nil
1899,kWh energy,nil
1900,kWh energy,nil
1901,kWh energy,nil
1902,kWh energy,nil
1903,kWh energy,nil
1904,kWh energy,nil
1905,kWh energy,nil
1906,kWh energy,nil
1907,kWh energy,nil
1908,kWh energy,nil
1909,kWh energy,nil
1910,kWh energy,nil
1911,kWh energy,nil
1912,kWh energy,nil
1913,kWh energy,nil
1914,kWh energy,nil
1915,kWh energy,nil
1916,kWh energy,nil
1917,kWh energy,nil
1918,kWh energy,nil
1919,kWh energy,nil
1920,kWh energy,nil
1921,kWh energy,nil
1922,kWh energy,nil
1923,kWh energy,nil
1924,kWh energy,nil
1925,kWh energy,nil
1926,kWh energy,nil
1927,kWh energy,nil
1928,kWh energy,nil
1929,kWh energy,nil
1930,kWh energy,nil
1931,kWh energy,nil
1932,kWh energy,nil
1933,kWh energy,nil
1934,kWh energy,nil
1935,kWh energy,nil
1936,kWh energy,nil
1937,kWh energy,nil
1938,kWh energy,nil
1939,kWh energy,nil
1940,kWh energy,nil
1941,kWh energy,nil
1942,kWh energy,nil
1943,kWh energy,nil
1944,kWh energy,nil
1945,kWh energy,nil
1946,kWh energy,nil
1947,kWh energy,nil
1948,kWh energy,nil
1949,kWh energy,nil
1950,kWh energy,nil
1951,kWh energy,nil
1952,kWh energy,nil
1953,kWh energy,nil
1954,kWh energy,nil
1955,kWh energy,nil
1956,kWh energy,nil
1957,kWh energy,nil
1958,kWh energy,nil
1959,kWh energy,nil
1960,kWh energy,nil
1961,kWh energy,nil
1962,kWh energy,nil
1963,kWh energy,nil
1964,kWh energy,nil
1965,kWh energy,nil
1966,kWh energy,nil
1967,kWh energy,nil
1968,kWh energy,nil
1969,kWh energy,nil
1970,kWh energy,nil
1971,kWh energy,nil
1972,kWh energy,nil
1973,kWh energy,nil
1974,kWh energy,nil
1975,kWh energy,nil
1976,kWh energy,nil
1977,kWh energy,nil
1978,kWh energy,nil
1979,kWh energy,nil
1980,kWh energy,nil
1981,kWh energy,nil
1982,kWh energy,nil
1983,kWh energy,nil
1984,kWh energy,nil
1985,kWh energy,nil
1986,kWh energy,nil
1987,kWh energy,nil
1988,kWh energy,nil
1989,kWh energy,nil
1990,kWh energy,nil
1991,kWh energy,nil
1992,kWh energy,nil
1993,kWh energy,nil
1994,kWh energy,nil
1995,kWh energy,nil
1996,kWh energy,nil
1997,kWh energy,nil
1998,kWh energy,nil
1999,kWh energy,nil
2000,kWh energy,nil
2001,kWh energy,nil
2002,kWh energy,nil
2003,kWh energy,nil
2004,kWh energy,nil
2005,kWh energy,nil
2006,kWh energy,nil
2007,kWh energy,nil
2008,kWh energy,nil
2009,kWh energy,nil
2010,kWh energy,nil
2011,kWh energy,nil
2012,kWh energy,nil
2013,kWh energy,nil
2014,kWh energy,nil
2015,kWh energy,nil
2016,kWh energy,nil
2017,kWh energy,nil
2018,kWh energy,nil
2019,kWh energy,nil
2020,kWh energy,nil
2021,kWh energy,nil
2022,kWh energy,nil
2023,kWh energy,nil
2024,kWh energy,nil
2025,kWh energy,nil
2026,kWh energy,nil
2027,kWh energy,nil
2028,kWh energy,nil
2029,kWh energy,nil
2030,kWh energy,nil
2031,kWh energy,nil
2032,kWh energy,nil
2033,kWh energy,nil
2034,kWh energy,nil
2035,kWh energy,nil
2036,kWh energy,nil
2037,kWh energy,nil
2038,kWh energy,nil
2039,kWh energy,nil
2040,kWh energy,nil
2041,kWh energy,nil
2042,kWh energy,nil
2043,kWh energy,nil
2044,kWh energy,nil
2045,kWh energy,nil
2046,kWh energy,nil
2047,kWh energy,nil
2048,kWh energy,nil
2049,kWh energy,nil
2050,kWh energy,nil
2051,kWh energy,nil
2052,kWh energy,nil
2053,kWh energy,nil
2054,kWh energy,nil
2055,kWh energy,nil
2056,kWh energy,nil
2057,kWh energy,nil
2058,kWh energy,nil
2059,kWh energy,nil
2060,kWh energy,nil
2061,kWh energy,nil
2062,kWh energy,nil
2063,kWh energy,nil
2064,kWh energy,nil
2065,kWh energy,nil
2066,kWh energy,nil
2067,kWh energy,nil
2068,kWh energy,nil
2069,kWh energy,nil
2070,kWh energy,nil
2071,kWh energy,nil
2072,kWh energy,nil
2073,kWh energy,nil
2074,kWh energy,nil
2075,kWh energy,nil
2076,kWh energy,nil
2077,kWh energy,nil
2078,kWh energy,nil
2079,kWh energy,nil
2080,kWh energy,nil
2081,kWh energy,nil
2082,kWh energy,nil
2083,kWh energy,nil
2084,kWh energy,nil
2085,kWh energy,nil
2086,kWh energy,nil
2087,kWh energy,nil
2088,kWh energy,nil
2089,kWh energy,nil
2090,kWh energy,nil
2091,kWh energy,nil
2092,kWh energy,nil
2093,kWh energy,nil
2094,kWh energy,nil
2095,kWh energy,nil
2096,kWh energy,nil
2097,kWh energy,nil
2098,kWh energy,nil
2099,kWh energy,nil
2100,kWh energy,nil
2101,kWh energy,nil
2102,kWh energy,nil
2103,kWh energy,nil
2104,kWh energy,nil
2105,kWh energy,nil
2106,kWh energy,nil
2107,kWh energy,nil
2108,kWh energy,nil
2109,kWh energy,nil
2110,kWh energy,nil
2111,kWh energy,nil
2112,kWh energy,nil
2113,kWh energy,nil
2114,kWh energy,nil
2115,kWh energy,nil
2116,kWh energy,nil
2117,kWh energy,nil
2118,kWh energy,nil
2119,kWh energy,nil
2120,kWh energy,nil
2121,kWh energy,nil
2122,kWh energy,nil
2123,kWh energy,nil
2124,kWh energy,nil
2125,kWh energy,nil
2126,kWh energy,nil
2127,kWh energy,nil
2128,kWh energy,nil
2129,kWh energy,nil
2130,kWh energy,nil
2131,kWh energy,nil
2132,kWh energy,nil
2133,kWh energy,nil
2134,kWh energy,nil
2135,kWh energy,nil
2136,kWh energy,nil
2137,kWh energy,nil
2138,kWh energy,nil
2139,kWh energy,nil
2140,kWh energy,nil
2141,kWh energy,nil
2142,kWh energy,nil
2143,kWh energy,nil
2144,kWh energy,nil
2145,kWh energy,nil
2146,kWh energy,nil
2147,kWh energy,nil
2148,kWh energy,nil
2149,kWh energy,nil
2150,kWh energy,nil
2151,kWh energy,nil
2152,kWh energy,nil
2153,kWh energy,nil
2154,kWh energy,nil
2155,kWh energy,nil
2156,kWh energy,nil
2157,kWh energy,nil
2158,kWh energy,nil
2159,kWh energy,nil
2160,kWh energy,nil
2161,kWh energy,nil
2162,kWh energy,nil
2163,kWh energy,nil
2164,kWh energy,nil
2165,kWh energy,nil
2166,kWh energy,nil
2167,kWh energy,nil
2168,kWh energy,nil
2169,kWh energy,nil
2170,kWh energy,nil
2171,kWh energy,nil
2172,kWh energy,nil
2173,kWh energy,nil
2174,kWh energy,nil
2175,kWh energy,nil
2176,kWh energy,nil
2177,kWh energy,nil
2178,kWh energy,nil
2179,kWh energy,nil
2180,kWh energy,nil
2181,kWh energy,nil
2182,kWh energy,nil
2183,kWh energy,nil
2184,kWh energy,nil
2185,kWh energy,nil
2186,kWh energy,nil
2187,kWh energy,nil
2188,kWh energy,nil
2189,kWh energy,nil
2190,kWh energy,nil
2191,kWh energy,nil
2192,kWh energy,nil
2193,kWh energy,nil
2194,kWh energy,nil
2195,kWh energy,nil
2196,kWh energy,nil
2197,kWh energy,nil
2198,kWh energy,nil
2199,kWh energy,nil
2200,kWh energy,nil
2201,kWh energy,nil
2202,kWh energy,nil
2203,kWh energy,nil
2204,kWh energy,nil
2205,kWh energy,nil
2206,kWh energy,nil
2207,kWh energy,nil
2208,kWh energy,nil
2209,kWh energy,nil
2210,kWh energy,nil
2211,kWh energy,nil
2212,kWh energy,nil
2213,kWh energy,nil
2214,kWh energy,nil
2215,kWh energy,nil
2216,kWh energy,nil
2217,kWh energy,nil
2218,kWh energy,nil
2219,kWh energy,nil
2220,kWh energy,nil
2221,kWh energy,nil
2222,kWh energy,nil
2223,kWh energy,nil
2224,kWh energy,nil
2225,kWh energy,nil
2226,kWh energy,nil
2227,kWh energy,nil
2228,kWh energy,nil
2229,kWh energy,nil
2230,kWh energy,nil
2231,kWh energy,nil
2232,kWh energy,nil
2233,kWh energy,nil
2234,kWh energy,nil
2235,kWh energy,nil
2236,kWh energy,nil
2237,kWh energy,nil
2238,kWh energy,nil
2239,kWh energy,nil
2240,kWh energy,nil
2241,kWh energy,nil
2242,kWh energy,nil
2243,kWh energy,nil
2244,kWh energy,nil
2245,kWh energy,nil
2246,kWh energy,nil
2247,kWh energy,nil
2248,kWh energy,nil
2249,kWh energy,nil
2250,kWh energy,nil
2251,kWh energy,nil
2252,kWh energy,nil
2253,kWh energy,nil
2254,kWh energy,nil
2255,kWh energy,nil
2256,kWh energy,nil
2257,kWh energy,nil
2258,kWh energy,nil
2259,kWh energy,nil
2260,kWh energy,nil
2261,kWh energy,nil
2262,kWh energy,nil
2263,kWh energy,nil
2264,kWh energy,nil
2265,kWh energy,nil
2266,kWh energy,nil
2267,kWh energy,nil
2268,kWh energy,nil
2269,kWh energy,nil
2270,kWh energy,nil
2271,kWh energy,nil
2272,kWh energy,nil
2273,kWh energy,nil
2274,kWh energy,nil
2275,kWh energy,nil
2276,kWh energy,nil
2277,kWh energy,nil
2278,kWh energy,nil
2279,kWh energy,nil
2280,kWh energy,nil
2281,kWh energy,nil
2282,kWh energy,nil
2283,kWh energy,nil
2284,kWh energy,nil
2285,kWh energy,nil
2286,kWh energy,nil
2287,kWh energy,nil
2288,kWh energy,nil
2289,kWh energy,nil
2290,kWh energy,nil
2291,kWh energy,nil
2292,kWh energy,nil
2293,kWh energy,nil
2294,kWh energy,nil
2295,kWh energy,nil
2296,kWh energy,nil
2297,kWh energy,nil
2298,kWh energy,nil
2299,kWh energy,nil
2300,kWh energy,nil
2301,kWh energy,nil
2302,kWh energy,nil
2303,kWh energy,nil
2304,kWh energy,nil
2305,kWh energy,nil
2306,kWh energy,nil
2307,kWh energy,nil
2308,kWh energy,nil
2309,kWh energy,nil
2310,kWh energy,nil
2311,kWh energy,nil
2312,kWh energy,nil
2313,kWh energy,nil
2314,kWh energy,nil
2315,kWh energy,nil
2316,kWh energy,nil
2317,kWh energy,nil
2318,kWh energy,nil
2319,kWh energy,nil
2320,kWh energy,nil
2321,kWh energy,nil
2322,kWh energy,nil
2323,kWh energy,nil
2324,kWh energy,nil
2325,kWh energy,nil
2326,kWh energy,nil
2327,kWh energy,nil
2328,kWh energy,nil
2329,kWh energy,nil
2330,kWh energy,nil
2331,kWh energy,nil
2332,kWh energy,nil
2333,kWh energy,nil
2334,kWh energy,nil
2335,kWh energy,nil
2336,kWh energy,nil
2337,kWh energy,nil
2338,kWh energy,nil
2339,kWh energy,nil
2340,kWh energy,nil
